draw_index,delta_rank
0,-0.0025629048330841897
1,0.0042227204783258365
2,0.001368647234678555
3,0.0032698056801195863
4,0.010506975585450995
5,1.5570503240081024e-06
6,-0.0010369955156950272
7,-0.001768809167912222
8,-0.0032277653213751423
9,-0.0035313901345291887
10,0.0076108619830594915
11,0.0020942326856003834
12,0.0021362730443447164
13,0.001367090184354769
14,-0.0010883781763826317
15,0.008987294469357088
16,0.008761522172396563
17,-0.003075174389636226
18,-0.004373754359741078
19,-0.00297085201793712
20,0.011290171898355905
21,-0.0007489412057797296
22,-0.00042196063776778203
23,-0.0012783383158944117
24,0.008392501245640394
25,-0.003578101644245102
26,-0.0024134280019930676
27,0.005072869955156989
28,-9.186596910815137e-05
29,0.0005527528649724722
30,-0.003788303437967211
31,0.003687095166915788
32,0.0020957897359243916
33,-0.0027108246138515257
34,0.005004359740906961
35,-0.00130792227204779
36,0.005051071250622763
37,0.0043052441454909385
38,-0.006081838565022424
39,0.007209142999501594
40,0.005661434977578539
41,0.0005153836571998305
42,0.0048579970104633
43,-0.0017438963627303128
44,0.006488228699551679
45,-0.0004593298455406458
46,0.0017220976581963088
47,0.003892625809666206
48,0.00433327105132042
49,0.008342675635276575
50,0.004373754359740856
51,0.0017594668659690615
52,0.0032137518684602906
53,-0.001286123567513564
54,-0.0007613976083707952
55,-0.003139013452914896
56,-0.0018778026905830192
57,-0.001961883408071574
58,0.01090713751868444
59,-0.003036248131539576
60,0.007453599900348884
61,0.0012035999003487952
62,-0.000926444942700666
63,0.002022608370702672
64,0.0023963004484303108
65,0.009533819133034416
66,0.001244083208769342
67,-0.0011319755854508617
68,0.0036917663178874793
69,-0.0028556302939710676
70,-0.003912867463876535
71,-0.004246076233183738
72,-0.0038895117090184117
73,0.00276220727453913
74,0.005703475336322761
75,-0.002754422022919867
76,0.008725710014947596
77,0.01203599900348784
78,-0.003750934230194236
79,0.001955655206776319
80,-0.00010276532137509786
81,0.0062640134529149405
82,0.004059230194319863
83,-0.0023059915296462785
84,0.004210264075734882
85,-0.004501432486297974
86,0.002042850024912779
87,0.0001012082710513118
88,-0.0041386397608370595
89,-0.006668846537119966
90,0.0013655331340308718
91,0.0002288863976085409
92,0.0011693447932237255
93,0.009557174887892428
94,-0.0012876806178376832
95,-0.0012939088191330494
96,0.001996138515196866
97,8.252366716487991e-05
98,-0.0010634653712008335
99,0.0037338066766319233
100,-9.186596910804035e-05
101,-0.004383096661684016
102,0.005138266068759223
103,0.008731938216243074
104,0.007321250622820075
105,0.004552815146985578
106,-0.0026033881415045146
107,0.007500311410064797
108,0.001472969606377661
109,-0.0003269805680118365
110,0.0038443572496263956
111,-0.0044329222720479455
112,-0.00645864474339819
113,-0.002544220229197869
114,0.003347658196312886
115,0.0027497508719483976
116,0.010011833582461382
117,0.0035033632286994854
118,-0.0005387394120579536
119,0.004471848530144595
120,-0.002861858495266767
121,0.0010665794718485166
122,-0.0015259093173892735
123,0.0016177752864972028
124,0.007374190333831687
125,-0.008043721973094109
126,0.0022826357747882664
127,-0.002922583457897421
128,0.0036092426507224884
129,1.8684603886320872e-05
130,-0.006720229197807681
131,0.0035454035874439294
132,0.0059276905829594995
133,0.004351955655206852
134,0.002525535625311548
135,0.0016893996013951362
136,0.00023200049825633506
137,0.0016458021923269062
138,0.0008361360239164117
139,-0.0008018809167911201
140,0.004493647234678599
141,-0.003174825610363863
142,0.009342301943198739
143,0.004889138016940686
144,0.004339499252615897
145,0.0037618335824615157
146,-0.0021175884404583956
147,-0.0011319755854508617
148,0.0032386646736420888
149,0.003724464374688541
150,0.005910563029397076
151,0.001979010961634331
152,4.6711509716024224e-05
153,0.004007847533632369
154,-0.0008376930742401978
155,0.0013219357249625308
156,0.0035531888390631927
157,0.002103574987543655
158,-0.0015025535625311504
159,0.0001354633781762704
160,-0.0014776407573491301
161,0.006995827105132024
162,-0.00023044344793221594
163,0.001728325859491786
164,0.004602640757349397
165,0.00868989785749874
166,0.004758345789735885
167,0.008453226208271158
168,0.004831527154957493
169,0.0004780144494270777
170,0.0020708769307423713
171,-0.0033009466865969728
172,0.002024165421026569
173,-0.00362325610363734
174,-0.00042507473841546517
175,0.00576264324862974
176,-0.004976332835077257
177,-0.0010681365221724137
178,0.005757972097658159
179,0.0006041355256601877
180,0.0014573991031391342
181,-0.003455094668659564
182,-0.0031670403587443774
183,0.004375311410064864
184,-0.0012534255107126135
185,0.003708893871449681
186,0.00800946686596915
187,0.0007224713502741453
188,0.00464935226706531
189,0.007174887892376747
190,0.009571188340807057
191,0.0036310413552566034
192,0.0017516816143497982
193,-0.007054995017439225
194,0.007248069257598466
195,-0.0002553562531140141
196,0.0033959267563526963
197,0.004697620827105009
198,0.010482062780269086
199,0.0013920029895366781
200,-0.005645864474339901
201,-0.004739661185849453
202,-0.0015009965122073643
203,0.0068541355256602765
204,0.0021580717488789425
205,-0.0026423143996013865
206,-0.0012035999003487952
207,0.005075984055804672
208,-0.006114536621823596
209,0.0035111484803189708
210,0.0023246761335327104
211,0.0006492899850522038
212,-0.0065816517189835055
213,0.003599900348779217
214,-0.0007863104135525933
215,-0.0022468236173392997
216,-0.0008594917787742018
217,0.003764947683109088
218,-0.00267501245640267
219,-0.00029583956153456104
220,-0.0026220727453910575
221,0.007112605879421974
222,-0.0033554434479323714
223,-0.003218423019431871
224,-0.005418535127055368
225,-0.005455904334827899
226,0.0018295341305430979
227,-0.00024289985052339258
228,0.0037431489785747507
229,-0.002335575485799879
230,0.00961945690084709
231,0.0012098281016441614
232,-0.001114848031888438
233,0.0035687593423020525
234,0.0008921898355755964
235,-0.00023667164922769324
236,0.009750249128052002
237,-0.0072745391131041615
238,0.0023667164922770434
239,0.0017314399601393582
240,-0.0007504982561036266
241,-0.002229696063776654
242,0.005494830592924771
243,0.004786372695565477
244,0.0029599526656701736
245,0.008211883408071774
246,0.003833457897359116
247,0.00383190084703533
248,0.004805057299451909
249,0.004451606875934266
250,-0.0008797334329844197
251,-0.006315396113602434
252,-0.00655051071250623
253,-0.005812468858993447
254,-0.004825298953662127
255,-0.002209454409566436
256,-0.0036933233682113764
257,0.006628363228699641
258,0.0031935102142500726
259,-0.001032324364723336
260,0.007260525660189421
261,0.005019930244145598
262,0.006860363726955754
263,0.0023028774289983733
264,0.002337132536123554
265,-0.007383532635774848
266,0.004190022421524664
267,0.002673455406078773
268,-0.00303469108121579
269,0.008275722471350444
270,-0.004123069257598311
271,-0.005648978574987695
272,0.005026158445440965
273,0.0016489162929744783
274,0.005566454907822704
275,-0.004502989536621871
276,0.0046649227703038365
277,-0.0013172645739909505
278,0.0016349028400597376
279,0.0025348779272545974
280,0.0020070378674640343
281,0.0005278400597906741
282,0.00022265819631284156
283,0.004647795216741413
284,0.003182610861983126
285,0.0038661559541605106
286,0.007557922272047879
287,0.006500685102142301
288,0.00221256851021423
289,0.0037369207772796065
290,0.0006212630792229445
291,0.0055057299451918285
292,0.002021051320378664
293,-0.00527684354758351
294,0.0003394369706029021
295,0.0026454285002490696
296,0.001326606875934222
297,-0.0003939337319381897
298,0.0049592052815149446
299,0.005267501245640238
300,0.005367152466367653
301,-0.004576170901843479
302,-0.004295901843547556
303,-0.0030907448928747527
304,0.005745515695067205
305,-0.0017205406078725227
306,0.0030424763328350535
307,-0.0016878425510713502
308,0.006301382660687582
309,-0.0008081091180865974
310,-0.0050432859990034995
311,0.0038692700548081937
312,0.0020132660687595116
313,-0.0013982311908319334
314,0.00023200049825611302
315,-0.003156141006477431
316,-0.0030440333831589506
317,0.008104446935724763
318,0.0068136522172396186
319,-0.0014823119083208214
320,0.005152279521674408
321,0.006427503736920692
322,0.001284566517189778
323,0.0008314648729447205
324,0.0016551444942700666
325,-0.0026905829596411968
326,-0.0007738540109617498
327,0.006027341803687025
328,-0.0016738290981563875
329,0.0031452416542101513
330,0.009071375186845865
331,5.293971101150152e-05
332,-9.49800697558345e-05
333,0.007627989536622026
334,0.0038895117090184117
335,0.005882536123567261
336,0.0033850274040856387
337,0.004118398106626842
338,0.0036170279023418628
339,0.0013172645739909505
340,-0.006620577977080155
341,0.002383844045839578
342,-0.0008610488290980989
343,-0.00836914549078216
344,0.002587817638265877
345,0.0008236796213253461
346,-0.0013795465869455015
347,0.0016458021923267951
348,0.005300199302441633
349,-0.0009155455904334975
350,0.0003690209267562805
351,0.0072122571001494995
352,0.005029272546088648
353,0.01125280269058293
354,0.0024725959142999354
355,-0.0002927254608869889
356,0.010584828101644295
357,0.002041292974588993
358,-0.007726083707025322
359,0.0028789860488289687
360,0.010726519681116153
361,0.004176008968610034
362,0.004549701046337895
363,-0.007034753363228674
364,-0.0036746387643251666
365,0.008023480318883891
366,-0.0020490782262082563
367,-0.0011273044344793925
368,0.008577790234180371
369,0.0043052441454909385
370,-0.00018528898854019982
371,-0.003811659192825223
372,-0.0013203786746387447
373,-0.005946375186846264
374,0.0022156826108621352
375,-0.003056489785750016
376,-0.00216429995017442
377,-0.0008563776781264076
378,-0.005080655206776252
379,0.005793784255107237
380,0.0030222346786248355
381,0.006038241155954305
382,0.0016738290981563875
383,-0.0021845416043845267
384,0.0021425012456403048
385,-0.007157760338814212
386,0.0012176133532636468
387,0.0032480069755854712
388,0.006418161434977421
389,0.0028525161933233845
390,0.0034192825112107084
391,-0.0019899103139014995
392,0.010709392127553619
393,0.007556365221723871
394,-0.007227827603388026
395,-0.0010556801195813481
396,0.002168971101145889
397,0.0010027404085699576
398,0.004280331340308807
399,0.0020132660687594006
400,0.0031094294967614067
401,-0.00588409317389138
402,0.0039004110612855802
403,0.006482000498256091
404,0.005172521175884404
405,0.00010587942202266998
406,2.8026905829703352e-05
407,-0.0022592800199302543
408,-0.003221537120079554
409,-0.004750560538116622
410,0.0023293472845042906
411,-0.0007209142999501372
412,0.002819818136522101
413,-0.0014869830592925126
414,-0.00214561534628821
415,-0.0008501494768310414
416,-0.008344232685600361
417,0.00636055057299445
418,0.0033149601395116024
419,0.0016785002491280787
420,0.011305742401594432
421,0.004727204783258276
422,0.0007286995515694006
423,0.0010167538614846983
424,-0.005195876930742527
425,0.007399103139013596
426,0.005667663178873905
427,-0.0014776407573492412
428,0.0034270677628300827
429,0.001581963129048236
430,-0.0015336945690084258
431,0.004502989536621871
432,0.005515072247134878
433,0.003265134529147895
434,0.0003269805680117255
435,-0.001497882411559348
436,-0.001873131539611439
437,0.007209142999501705
438,0.003330530642750462
439,0.002334018435475871
440,0.0027497508719483976
441,0.0011942575984055237
442,-0.00016816143497755398
443,-0.0017532386646736953
444,-0.0026609990034878184
445,0.0010914922770303148
446,0.0022592800199303653
447,0.005284628799202884
448,0.00513048081713996
449,0.0016785002491280787
450,0.0017127553562531483
451,0.002531763826606803
452,-0.002088004484304795
453,0.00828662182361728
454,-0.002480381165919421
455,-0.00032230941704047833
456,0.005376494768310924
457,0.007755667663178922
458,0.0036170279023416407
459,0.011076856003986113
460,0.0007115719980068658
461,0.0018357623318383531
462,-0.0010151968111609122
463,-0.002992650722471457
464,0.0056536497259592755
465,-0.004694506726457548
466,-0.002608059292476317
467,0.003327416542102668
468,-7.940956651719677e-05
469,-0.0021425012456403048
470,-0.00809199053313403
471,0.0017656950672646499
472,0.004993460388639792
473,0.004048330842052694
474,-0.0020148231190830757
475,0.005035500747384236
476,0.0008984180368709627
477,0.0027528649725958587
478,-0.004049887892376591
479,0.0002273293472845328
480,0.008130916791230791
481,-0.0011958146487294208
482,0.0011755729945189808
483,0.002021051320378664
484,0.004482747882411764
485,0.0015617214748382402
486,-0.002419656203288767
487,-0.0005184977578476246
488,0.0038677130044841856
489,0.001284566517189889
490,-0.00082212257100156
491,0.0005325112107622543
492,0.004034317389138065
493,-0.005677005480817177
494,-0.004773916292974523
495,-0.002692140009964983
496,0.005977516193323429
497,0.010086571998006999
498,-0.005110239162929631
499,-0.0019105007473841917
500,-0.001728325859491786
501,-0.00040327603388135014
502,0.0012783383158944117
503,0.005066641753861734
504,0.001893373193821546
505,0.00012767812655711808
506,-0.004261646736422597
507,-0.00429434479322377
508,-0.0030642750373693906
509,0.00017594668659681734
510,0.0001432486297956448
511,0.009169469357249604
512,-0.0001370204285002785
513,0.00031296711509720687
514,0.004549701046337895
515,-0.005200548081713996
516,-0.000484242650722555
517,0.009449738415545528
518,0.00025068510214232287
519,-0.0011849152964624743
520,-0.007286995515695005
521,0.0011864723467862603
522,0.0036575112107622987
523,0.0007224713502740343
524,-0.003497135027404008
525,-0.002594045839561687
526,-0.0005870079720976529
527,0.009354758345789804
528,0.005080655206776363
529,0.00631228201295464
530,0.013722284504235405
531,-0.002589374688589996
532,0.009954222720478079
533,0.005986858495266589
534,-0.0012035999003487952
535,0.0034691081215744157
536,0.002232810164424337
537,0.0019307424015945207
538,0.004263203786746272
539,0.004154210264075697
540,-0.002147172396611885
541,0.003929995017438959
542,0.009152341803686959
543,-0.0030051071250621897
544,-0.00473187593423019
545,-0.005782884902840069
546,0.0004966990533132876
547,-0.0009638141504733078
548,0.003093858993522436
549,-0.0003954907822620868
550,0.005293971101145933
551,-0.003768061783756882
552,0.006810538116591935
553,0.0034628799202789384
554,0.001219170403587544
555,0.01197683109118075
556,0.0026033881415047366
557,0.0055477703039363835
558,0.0038256726457400747
559,0.006122321873442749
560,0.005032386646736442
561,-0.0032698056801196973
562,0.0018357623318385752
563,0.0019743398106626397
564,0.001135089686098656
565,0.00036123567513690613
566,-0.001222284504235005
567,-0.001410687593422999
568,0.0072340558046836145
569,-0.0007629546586945812
570,0.005334454409566369
571,0.00208177628300954
572,0.004777030393622317
573,0.004051444942700599
574,0.006228201295465863
575,0.0002491280518184258
576,0.007037867463876357
577,-0.002927254608869112
578,0.0050012456402589445
579,0.0009248878923767689
580,0.0047272047832587205
581,0.005778213751868488
582,-0.004406452416542139
583,0.0005792227204781675
584,0.004468734429496801
585,0.007037867463876357
586,0.0067918535127056145
587,0.001854446935725007
588,0.0005107125062280282
589,0.004197807673144038
590,0.0005823368211262947
591,0.004722533632287029
592,0.00419625062282003
593,0.005916791230692664
594,0.007954970104633863
595,-0.0002802690582960343
596,-0.0067918535127053925
597,0.00513515196811154
598,0.0018887020428501877
599,0.0009015321375185348
600,-0.002986422521175758
601,0.006636148480318793
602,-0.006542725460886856
603,0.0003036248131539354
604,-0.0033165171898354995
605,-0.013521425012456456
606,-2.3355754858012112e-05
607,0.0006134778276032371
608,0.0019042725460887144
609,-0.0004048330842051362
610,0.006274912805181776
611,0.00353606128550088
612,-0.003581215744892896
613,0.007964312406576912
614,-6.228201295366276e-06
615,-0.001852889885400999
616,0.004657137518684573
617,0.0035672022919780444
618,0.004266317887394178
619,-0.0020755480817139516
620,-0.0005698804185351181
621,0.002277964623816686
622,0.004311472346786194
623,0.0014978824115595701
624,-4.0483308420435904e-05
625,-0.00031608121574500103
626,-0.0014869830592925126
627,-0.003766504733432874
628,-0.0036746387643249445
629,0.00040950423517693846
630,0.0005776656701542704
631,0.0015508221225710717
632,0.005616280518186301
633,-0.0032121948181365045
634,0.0030876307922272916
635,0.0001152217239662745
636,-0.004381539611360119
637,0.004691392625809643
638,7.006726457392531e-05
639,-0.004949862979571673
640,0.0004172894867962018
641,0.0047490034877927245
642,0.0062017314399600565
643,0.004717862481315227
644,0.00026469855505728557
645,-0.007341492277030293
646,0.0035936721474839617
647,0.006407262082710252
648,0.00031608121574489
649,0.009725336322869982
650,-0.004552815146985578
651,0.0012612107623316549
652,0.0019852391629296973
653,0.006014885401096182
654,0.00710482062780271
655,-0.0041588814150472775
656,0.00043908819133031685
657,-0.0018388764324863693
658,-0.0013032511210762099
659,0.000694444444444664
660,-0.0014682984554061917
661,0.008414299950174509
662,0.0016676008968610212
663,0.007835077229696008
664,0.007199800697558656
665,0.0005356253114100484
666,0.0036684105630294672
667,0.0013966741405080363
668,0.002044407075236787
669,-0.0007691828599899475
670,-0.0012565396113601857
671,-0.003953350772296971
672,0.00620017438963627
673,-0.0012736671649229425
674,-0.0032168659691079737
675,0.00030985301444952373
676,0.0013375062282013905
677,-0.0057595291479819455
678,0.005958831589437108
679,-0.0020148231190830757
680,-0.00697402840059802
681,-0.004498318385650291
682,-0.0025426631788739718
683,0.002826046337817578
684,0.004608868958644763
685,-0.000611920777279451
686,0.0001432486297956448
687,0.002358931240657669
688,0.003036248131539687
689,0.003794531639262688
690,0.005471474838066759
691,-0.00233401843547576
692,-0.0162291355256603
693,0.001686285500747453
694,0.0007100149476831907
695,0.002044407075236787
696,-0.002045964125560573
697,-0.0002195440956650474
698,0.00867121325361253
699,-0.007640445939212759
700,0.0011818011958146801
701,0.0006570752366716892
702,-0.0017454534130540988
703,0.0022857498754358385
704,-0.005104010961634375
705,-0.004214935226706684
706,-0.003072060288988432
707,-0.002003923766816018
708,0.007990782262082718
709,0.002041292974588882
710,0.0052737294469357154
711,0.0025115221723966963
712,0.0021347159940208194
713,-0.004057673143996077
714,0.0015087817638264056
715,0.00835046088689595
716,0.0007473841554558325
717,-0.0015041106128550474
718,0.0031701544593920605
719,0.004515445939212714
720,-0.004630667663178767
721,0.0030627179870453825
722,-0.006600336322869715
723,0.0006477329347285288
724,-0.0009295590433482381
725,-0.0005745515695065873
726,0.002438340807174866
727,-0.001834205281514567
728,0.008529521674140561
729,0.002295092177379221
730,0.005535313901345207
731,0.0004032760338812391
732,-0.0027310662680618547
733,0.00235893124065778
734,0.007185787244644026
735,0.00031608121574489
736,0.005466803687095179
737,0.011969045839561598
738,-0.00778680866965642
739,0.0035687593423020525
740,0.00031296711509709585
741,0.002992650722471235
742,0.0021798704534129465
743,-0.0032978325859491786
744,0.004227391629297306
745,0.009762705530642735
746,0.0009700423517690071
747,0.00033787992027900504
748,0.00039704783258587284
749,-0.0025535625311409182
750,0.005840495764823261
751,3.11410064779416e-06
752,0.0005402964623818507
753,-0.0006212630792226115
754,0.002061534628799322
755,0.006106751370204333
756,0.006513141504733477
757,0.004554372197309586
758,0.002313776781265653
759,0.008347346786248155
760,-0.0006274912805181998
761,0.003662182361733879
762,-0.004068572496263245
763,-0.003098530144494127
764,0.0003114100647733098
765,-0.0009918410563030111
766,-0.0030829596412556004
767,-0.0008703911310414814
768,0.00032698056801205855
769,-0.0008236796213253461
770,0.0007458271051320464
771,-0.002064648729447116
772,-2.4912805182020215e-05
773,-0.0004017189835575641
774,0.0002569133034379112
775,-0.007573492775286517
776,0.004557486297957158
777,-0.0012113851519679475
778,0.0026033881415048477
779,0.00447963378176397
780,0.003922209765819695
781,-0.0020490782262082563
782,0.0004063901345290333
783,-0.0005418535127055257
784,0.0011195191828601292
785,-0.004699177877428906
786,0.0008781763826607447
787,-0.0028167040358743067
788,0.0021362730443448275
789,-0.003878612356751465
790,0.002509965122072799
791,-0.0012939088191329384
792,-0.0009124314897857033
793,0.004819070752366761
794,0.012190146985550765
795,-0.007916043846537213
796,0.001557050323866327
797,0.006458644743397968
798,0.001135089686098767
799,0.009904397110114482
800,0.007433358246138666
801,0.008288178873941177
802,-0.000442202291978111
803,-0.0006710886895863188
804,0.009034005979073223
805,0.0013920029895366781
806,0.001496325361235562
807,0.006077167414050844
808,-0.002021051320378553
809,-0.0028961136023915035
810,-0.0032573492775286317
811,0.0014558420528151261
812,-0.0005605381165919576
813,-0.007157760338814101
814,0.004437593423019637
815,-0.003114100647732765
816,0.0034410812157450454
817,0.005692575984055814
818,-0.0024523542600896064
819,0.001494768310911887
820,0.00013546337817649245
821,0.002564461883408087
822,0.008021923268560105
823,0.0027045964125560484
824,-0.0004671150971600202
825,-0.0009871699053313199
826,0.009054247633283663
827,0.004364412057797695
828,0.004193136522172236
829,0.0095120204285003
830,-0.006248442949676081
831,0.004176008968610034
832,0.002991093672147338
833,0.0005589810662680605
834,0.007305680119581437
835,-0.001854446935724896
836,0.0016271175884403632
837,0.0028696437468858083
838,1.5570503238637734e-05
839,0.0028073617339311463
840,-0.0021751993024414773
841,-0.00019463129048336025
842,0.0021222595914299758
843,0.012792725460886945
844,0.00018996013951189106
845,0.0006648604882910636
846,9.342301943193743e-05
847,0.0016878425510712391
848,0.003369456900847001
849,0.002846287992027907
850,-0.0019867962132534833
851,0.005466803687095068
852,0.0027310662680618547
853,0.0102952167414051
854,0.007603076731440006
855,-0.005546213253612375
856,-0.001893373193821657
857,0.003707336821126117
858,0.0075065396113601635
859,0.004207149975087088
860,-0.00012144992526164078
861,0.006594108121574571
862,0.005133594917787754
863,-0.0030019930244145066
864,-0.00691486048829093
865,0.0005792227204783895
866,0.0006150348779273562
867,0.0049810039860489486
868,-0.0009342301943199294
869,0.007016068759342242
870,0.003451980568011992
871,0.0076544593921273885
872,0.008512394120577915
873,-0.003624813153961015
874,-0.0012518684603884944
875,0.005415421026407685
876,-0.002824489287493681
877,0.002419656203288434
878,0.005276843547583399
879,-0.002838502740408644
880,-0.00623442949676134
881,-0.0006539611360240061
882,0.006279583956153356
883,0.003093858993522547
884,0.0036481689088192493
885,-0.0014776407573493522
886,0.000442202291978111
887,0.002654770802192341
888,-0.0016551444942699556
889,0.005385837070254085
890,0.005104010961634153
891,0.004963876432486303
892,0.009090059790732519
893,0.006605007473841518
894,-0.005119581464872902
895,0.00031452416542099293
896,0.0031063153961136125
897,0.0021783134030890494
898,-0.005038614848031808
899,-0.0033009466865968617
900,0.004456278026905847
901,0.00902622072745396
902,0.007333707025410918
903,-0.0045154459392128254
904,0.0005729945191829122
905,-0.0032729197807673804
906,0.0015695067264573925
907,0.003965807174887925
908,0.004504546586945657
909,0.004868896362730579
910,0.0026469855505728557
911,0.004194693572496355
912,0.00276220727453913
913,-0.00021487294469380025
914,0.009449738415545639
915,0.003962693074240242
916,0.00048268560039865793
917,0.006078724464374741
918,0.011648293472845017
919,0.005374937717987138
920,-0.00016504733432987084
921,-3.5812157448855686e-05
922,0.005413863976083899
923,0.0023215620328848052
924,0.010519431988041728
925,-0.002360488290981677
926,0.0014667414050821836
927,0.0016785002491280787
928,0.0014075734927753158
929,0.00839872944693576
930,-0.0030237917289486216
931,0.00942015445939215
932,4.826856003981028e-05
933,0.005230132037867374
934,0.007768124065769766
935,-0.0026360861983061312
936,0.004471848530144484
937,0.008764636273044246
938,-0.0013312780269058022
939,0.0018591180866964763
940,0.005620951669158103
941,-0.008152715495764684
942,0.0004577727952166377
943,0.0030798455406078062
944,-0.0014060164424515298
945,0.0038817264573991483
946,0.009275348779272719
947,0.006715558046836101
948,0.002362045341305352
949,0.0024352267065270716
950,-0.010614412057797784
951,0.001012082710513118
952,0.00012612107623310997
953,-0.0006648604882909526
954,0.005812468858993558
955,0.004269431988041639
956,-0.0016769431988041816
957,0.004204035874439405
958,-0.0017765944195317074
959,-0.006441517189835655
960,-0.008202541106128614
961,0.0076529023418038244
962,-0.0013390632785250656
963,-0.0032137518684602906
964,0.005306427503736888
965,-0.002253051818634777
966,0.005628736920777366
967,-0.0021144743398107124
968,-0.004668036870951742
969,0.0060351270553064
970,0.0031872820129548174
971,0.0027637643248630273
972,0.0029583956153463875
973,-0.000862605879422107
974,0.0011397608370702361
975,0.0007022296960638164
976,-0.004956091180866928
977,0.00014636273044332793
978,0.0003300946686597417
979,-0.001030767314399661
980,-0.0004593298455405348
981,0.0033616716492274046
982,-0.0012253986048827992
983,0.006086509715994004
984,-0.0015196811160935741
985,0.007252740408569713
986,-0.001434043348281011
987,-0.0004531016442450575
988,-0.0010619083208768254
989,0.002970852017937342
990,0.0014636273044343895
991,0.006077167414050844
992,-0.0002880543099152977
993,-0.002341803687095134
994,0.003560974090682678
995,-0.001876245640259122
996,-0.0038381290483308073
997,0.0028276033881415863
998,0.002088004484305017
999,0.007321250622820075
