replicate,delta_rank
0,0.052684354758345785
1,0.04539113104135525
2,0.05381321624314898
3,0.045324177877429
4,0.046221038863976084
5,0.051326606875934225
6,0.06153774289985052
7,0.05274196562032885
8,0.04508439212755356
9,0.05179060787244644
10,0.05730723716990532
11,0.04997820129546586
12,0.052961509715994025
13,0.04357405331340308
14,0.0544111235675137
15,0.052337132536123564
16,0.048347969606377675
17,0.04714592675635276
18,0.04508906327852516
19,0.04325174389636272
20,0.045577977080219226
21,0.059611671649227704
22,0.04696842301943199
23,0.056872820129546586
24,0.05666106128550075
25,0.04615097159940209
26,0.0617012331838565
27,0.04273947433981066
28,0.04329534130543099
29,0.05455904334828102
30,0.059985363726955655
31,0.04322683109118086
32,0.06659815645241654
33,0.059929309915296464
34,0.0486531514698555
35,0.043324925261584456
36,0.050048268560039855
37,0.06314617588440459
38,0.048027217239661184
39,0.05522546088689586
40,0.041828599900348776
41,0.05554309915296462
42,0.054186908320876935
43,0.05555555555555555
44,0.0520662057797708
45,0.05360145739910314
46,0.0497119456900847
47,0.06780487045341305
48,0.06313683358246139
49,0.04777653213751869
50,0.056706215744892874
51,0.06479197807673144
52,0.05137643248629796
53,0.06006010214250124
54,0.05210513203786746
55,0.04505480817140009
56,0.05807797708021924
57,0.06222284504235177
58,0.060223592426507225
59,0.05624688589935226
60,0.055005916791230694
61,0.04493491529646238
62,0.06768342052815146
63,0.05186223218734429
64,0.05408881415047334
65,0.06259809417040359
66,0.04088347035376183
67,0.05274352267065271
68,0.06319755854509218
69,0.04603730692575984
70,0.053532947184853005
71,0.05280580468360737
72,0.049467488789237665
73,0.058172957149975085
74,0.033386273044344786
75,0.05623287244643747
76,0.06262923517688092
77,0.04389480568011958
78,0.05541697807673143
79,0.05875685102142501
80,0.031189275037369207
81,0.044751183358246134
82,0.05790981564524165
83,0.062070254110612864
84,0.053976706527154944
85,0.04456589436970603
86,0.05253332087693074
87,0.0462895490782262
88,0.043186347782760336
89,0.05645241654210264
90,0.04325174389636272
91,0.04151718983557549
92,0.054109055804683594
93,0.04716461136023916
94,0.039245453413054306
95,0.04922147483806676
96,0.047259591429995015
97,0.0491918908819133
98,0.05578288490284006
99,0.05137176133532635
100,0.058258594917787745
101,0.04526033881415047
102,0.04893809167912307
103,0.06232872446437468
104,0.05499190333831589
105,0.04992370453413054
106,0.058865844544095665
107,0.041973405580468366
108,0.05853263577478824
109,0.045557735426008966
110,0.047910438465371206
111,0.045616903338315896
112,0.041272732934728454
113,0.04168223716990532
114,0.04782168659691081
115,0.04832461385151968
116,0.049895677628300945
117,0.0421711509715994
118,0.06871574489287494
119,0.05879577727952166
120,0.0624439461883408
121,0.05484554060787244
122,0.0449847409068261
123,0.05253643497757847
124,0.05879577727952166
125,0.05237294469357249
126,0.047952478824115595
127,0.05615813403089187
128,0.036612481315396114
129,0.059670839561534635
130,0.04497695565520677
131,0.048534815645241654
132,0.055722159940209265
133,0.05145895615346288
134,0.038115034877927244
135,0.05555244145490782
136,0.052003923766816146
137,0.05319351021425012
138,0.050929559043348276
139,0.05146674140508221
140,0.048447620827105124
141,0.04320503238664674
142,0.045084392127553566
143,0.06870640259093173
144,0.062023542600896854
145,0.04117152466367712
146,0.055589810662680615
147,0.05158352017937219
148,0.053564088191330336
149,0.05125498256103637
150,0.06401345291479821
151,0.03588533881415047
152,0.050794095665171894
153,0.049332025411061284
154,0.05331184603886397
155,0.06072496263079223
156,0.05054185351270553
157,0.04326108619830593
158,0.05211758844045839
159,0.05198368211260587
160,0.046857872446437465
161,0.04844606377678126
162,0.05870391131041354
163,0.047550759840558045
164,0.055880979073243645
165,0.0465869456900847
166,0.054758345789735915
167,0.060865097159940214
168,0.05798766816143497
169,0.05696001494768311
170,0.039911870951669155
171,0.047343672147483806
172,0.04160594170403587
173,0.04154833084205281
174,0.049224588938714495
175,0.053455094668659685
176,0.057235612855007466
177,0.053302503736920775
178,0.0440146985550573
179,0.06395584205281515
180,0.044676444942700545
181,0.049735301444942696
182,0.04678936223218735
183,0.04713347035376183
184,0.04575236671649227
185,0.04777808918784255
186,0.05327603388141505
187,0.052528649725959144
188,0.031897732934728446
189,0.05528462879920278
190,0.051731439960139514
191,0.03947278276033881
192,0.053596786248131544
193,0.04124470602889885
194,0.054582399103139015
195,0.04596412556053812
196,0.042660064773293475
197,0.04971817389138017
198,0.04876837319382162
199,0.05624844294967613
200,0.05447029147982062
201,0.046420341305431
202,0.04131633034379671
203,0.053409940209267565
204,0.04795403587443945
205,0.044084765819631284
206,0.054096599402092674
207,0.04396954409566517
208,0.058196312904833084
209,0.059687967115097156
210,0.0519961385151968
211,0.04071063776781265
212,0.05432548579970105
213,0.06081682859990035
214,0.05278712007972097
215,0.04918099152964623
216,0.05343641006477329
217,0.04950174389636273
218,0.04763951170901843
219,0.046784691081215746
220,0.04594699800697559
221,0.06036061285500747
222,0.04455655206776282
223,0.05584360986547084
224,0.057030082212257104
225,0.05237138764324862
226,0.04960762331838565
227,0.03309199053313403
228,0.047821686596910815
229,0.04023573741903338
230,0.044195316392625805
231,0.05107125062282012
232,0.04592519930244145
233,0.06290483308420529
234,0.03952572247135027
235,0.06233962381664175
236,0.03925946686596911
237,0.056821437468858996
238,0.059502678126557046
239,0.04519338565022422
240,0.06480443447932237
241,0.04519027154957648
242,0.041341243148978565
243,0.04567607125062282
244,0.05531732685600398
245,0.05285251619332336
246,0.061872508719481814
247,0.059346973094170405
248,0.06044469357249626
249,0.05233246138515197
250,0.05037369207772795
251,0.049839623816641754
252,0.04952821375186845
253,0.040048891380169406
254,0.05241187095166916
255,0.05030518186347783
256,0.05644930244145491
257,0.04357249626307921
258,0.058417414050822125
259,0.04317544843049328
260,0.059175697558545085
261,0.04536466118584953
262,0.05162088938714499
263,0.057157760338814145
264,0.04741996761335326
265,0.06307143746885899
266,0.05123785500747384
267,0.06250622820129548
268,0.04736079970104634
269,0.053864598903836575
270,0.034026220727453906
271,0.04284223966118584
272,0.04849121823617339
273,0.05663303437967115
274,0.056715558046836076
275,0.04782324364723468
276,0.04518715744892875
277,0.05282604633781764
278,0.058369145490782266
279,0.046477952167414044
280,0.05456527154957648
281,0.061210762331838565
282,0.05014480568011958
283,0.042628923766816144
284,0.04012830094668659
285,0.048432050323866466
286,0.04966990533134031
287,0.0507333707025411
288,0.04753518933731937
289,0.05933607374190334
290,0.04721910812157448
291,0.0682065894369706
292,0.05072714250124564
293,0.051416915794718486
294,0.04555773542600897
295,0.044436659192825106
296,0.0455748629795715
297,0.054211821126058796
298,0.04525255356253114
299,0.04926662929745888
300,0.05759684853014449
301,0.05562562282012955
302,0.05458707025411061
303,0.053322745391131035
304,0.0593936846038864
305,0.05083302192326856
306,0.05429278774289985
307,0.056636148480318886
308,0.050769182859990034
309,0.04528058046836073
310,0.043334267563527644
311,0.04992059043348281
312,0.05600087194818136
313,0.056357436472346784
314,0.05945285251619332
315,0.049791355256601895
316,0.06346692825112107
317,0.04641878425510712
318,0.055329783258594924
319,0.043804496761335326
320,0.05035500747384155
321,0.057508096661684105
322,0.047739162929745886
323,0.05402341803687095
324,0.05701918285999004
325,0.03651438714499253
326,0.05920061036372695
327,0.051840433482810165
328,0.053224651220727455
329,0.05161933233682112
330,0.04694506726457399
331,0.04867962132536123
332,0.051829534130543094
333,0.05513670901843547
334,0.05233401843547583
335,0.054675822122570994
336,0.050501370204284995
337,0.054973218734429494
338,0.044863290981564524
339,0.046884342301943195
340,0.050672645739910316
341,0.04890072247135027
342,0.05686970602889885
343,0.06777840059790732
344,0.05233401843547583
345,0.05118180119581465
346,0.05017906078724464
347,0.04874346038863976
348,0.06016131041355257
349,0.0487185475834579
350,0.057448928749377175
351,0.060639324862979564
352,0.05863540109616343
353,0.04906576980568011
354,0.043935288988540114
355,0.056363664673642254
356,0.05510401096163428
357,0.05849682361733931
358,0.048366654210264065
359,0.043454160438465374
360,0.04183794220229198
361,0.06393248629795714
362,0.05300199302441455
363,0.05945908071748879
364,0.04457679372197309
365,0.06183825361235675
366,0.05848748131539611
367,0.04489910313901345
368,0.043295341305430994
369,0.04628332087693073
370,0.04972751619332336
371,0.04656514698555057
372,0.06263702042850025
373,0.057109491778774286
374,0.06533850274040857
375,0.05177192326856004
376,0.05137643248629795
377,0.045588876432486304
378,0.046513764324862976
379,0.0489832461385152
380,0.04976644245142003
381,0.05837381664175386
382,0.05218298455406078
383,0.05323710762331838
384,0.034722222222222224
385,0.052013266068759334
386,0.055826482311908315
387,0.050085637767812656
388,0.05361079970104633
389,0.04353979820627803
390,0.041906452416542096
391,0.05578599900348779
392,0.06439181614349775
393,0.06223685849526656
394,0.05180462132536123
395,0.043637892376681614
396,0.055568011958146486
397,0.04764262580966617
398,0.05118335824613851
399,0.056998941205779766
400,0.04545029895366218
401,0.06143497757847533
402,0.05726208271051321
403,0.05838315894369707
404,0.04072309417040358
405,0.05346132286995515
406,0.05326202042850025
407,0.045289922770303935
408,0.0479151096163428
409,0.06212786497259591
410,0.0494799451918286
411,0.05680586696562033
412,0.04461416292974589
413,0.05252242152466368
414,0.04413459142999502
415,0.05493273542600897
416,0.056329409566517184
417,0.044861733931240655
418,0.04904241405082212
419,0.057322807673143995
420,0.06413957399103139
421,0.04649352267065271
422,0.04681738913801693
423,0.04878394369706029
424,0.04193759342301943
425,0.05657230941704035
426,0.04907822620827104
427,0.055463689586447436
428,0.054048330842052815
429,0.047472907324364724
430,0.04616498505231689
431,0.04649819382162431
432,0.06666199551569507
433,0.04644525411061285
434,0.0603917538614848
435,0.04261023916292974
436,0.04196094917787743
437,0.046147857498754365
438,0.04918877678126556
439,0.04775473343298455
440,0.048959890383657195
441,0.04822963378176382
442,0.05428967364225212
443,0.052181427503736916
444,0.049989100647732924
445,0.051863789237668156
446,0.04911715246636771
447,0.04292009217737917
448,0.046966865969108124
449,0.050429745889387145
450,0.04540358744394619
451,0.03903992277030393
452,0.05137331838565022
453,0.050369020926756346
454,0.051441828599900354
455,0.06494768310911808
456,0.04911248131539611
457,0.059149227703039355
458,0.038359491778774284
459,0.054291230692575985
460,0.05439866716492277
461,0.050638390632785246
462,0.05812780269058296
463,0.05136086198305929
464,0.048274788241155955
465,0.05304559043348281
466,0.05639636273044345
467,0.05856844793223717
468,0.05475678873941205
469,0.058300635276532134
470,0.05294905331340309
471,0.04659005979073244
472,0.045232311908320874
473,0.04365346287992028
474,0.04583644743398106
475,0.04903307174887892
476,0.06602204783258595
477,0.04466243148978575
478,0.048400909317389135
479,0.06382660687593424
480,0.04732343049327354
481,0.04302441454907823
482,0.044734055804683606
483,0.06356346537120079
484,0.05127522421524664
485,0.05084080717488789
486,0.058974838066766316
487,0.06399788241155954
488,0.05951202042850025
489,0.050864162929745896
490,0.06057392874937717
491,0.05171898355754857
492,0.0655596038863976
493,0.05874595166915795
494,0.055009030891878426
495,0.047479135525660195
496,0.028333644743398105
497,0.05800168161434977
498,0.043883906327852516
499,0.053456651718983554
500,0.049778898854010954
501,0.04419220229197807
502,0.04394774539113104
503,0.036162493771798705
504,0.037380107125062276
505,0.05560382411559542
506,0.05505107125062282
507,0.0367526158445441
508,0.055331340308918786
509,0.04891162182361734
510,0.052637643248629795
511,0.0458348903836572
512,0.042727017937219725
513,0.04553126557050324
514,0.05282137518684603
515,0.04434946437468859
516,0.04670061036372696
517,0.05617993273542601
518,0.05227952167414051
519,0.052103574987543595
520,0.047718921275535627
521,0.049699489287493764
522,0.04812219730941704
523,0.05229042102640757
524,0.05906981813652217
525,0.057693385650224215
526,0.05518030642750373
527,0.04625529397110115
528,0.04302441454907823
529,0.06268684603886399
530,0.0551444942700548
531,0.044942700548081714
532,0.05800323866467364
533,0.0380340682610862
534,0.04503456651718983
535,0.046484180368709514
536,0.05916168410563029
537,0.05014947683109118
538,0.04817513702042849
539,0.04101581963129048
540,0.05056209516691579
541,0.05225616591928251
542,0.057800822122571004
543,0.06025629048330841
544,0.04910625311410065
545,0.05645553064275038
546,0.05857934728450423
547,0.03630262830094669
548,0.06258563776781265
549,0.04808949925261584
550,0.05758906327852516
551,0.06470789735924265
552,0.061821126058794224
553,0.05950734927752865
554,0.05415888141504734
555,0.04980381165919282
556,0.0603730692575984
557,0.04802566018933732
558,0.05292258345789736
559,0.0520008096661684
560,0.04876370204285002
561,0.04535687593423019
562,0.04289517937219731
563,0.052123816641753855
564,0.05743180119581465
565,0.061679434479322365
566,0.05709080717488789
567,0.046913926258096664
568,0.04478855256601893
569,0.0607405331340309
570,0.05089530393622321
571,0.05581246885899351
572,0.052527092675635274
573,0.050102765321375184
574,0.046957523667164915
575,0.05363259840558046
576,0.039969481813652216
577,0.04809572745391131
578,0.04854571499750872
579,0.06155798455406078
580,0.059745577977080216
581,0.07222222222222222
582,0.049118709516691575
583,0.048882037867463875
584,0.059655269058295955
585,0.05141691579471847
586,0.060025847035376174
587,0.061260587942202294
588,0.05342551071250622
589,0.041808358246138516
590,0.049303998505231685
591,0.05805929247633284
592,0.05658787992027902
593,0.04123380667663178
594,0.05232311908320876
595,0.06495702541106128
596,0.053752491280518185
597,0.04660718734429497
598,0.05267034130543099
599,0.0458068634778276
600,0.0447714250124564
601,0.045943883906327844
602,0.050261584454409564
603,0.05452478824115595
604,0.04913895117090185
605,0.056707772795216736
606,0.05855910563029396
607,0.052606502242152464
608,0.05291791230692577
609,0.06508158943697061
610,0.056715558046836076
611,0.06026718983557548
612,0.05996045092177379
613,0.05870391131041354
614,0.06298424265072247
615,0.044567451420029894
616,0.05086883408071749
617,0.049982872446437475
618,0.04507972097658196
619,0.04785749875435973
620,0.04566828599900348
621,0.04504390881913303
622,0.05976114848031888
623,0.0525442202291978
624,0.04751027653213751
625,0.046275535625311406
626,0.05197745391131041
627,0.057427130044843046
628,0.03779583956153463
629,0.05077229696063777
630,0.036399165421026405
631,0.04993304683607374
632,0.0578101644245142
633,0.04716149725959143
634,0.04867027902341804
635,0.05339592675635276
636,0.05743802939711011
637,0.05719201544593922
638,0.05658476581963129
639,0.06546306676631788
640,0.05045932984554061
641,0.04551725211758843
642,0.046249065769805676
643,0.05707523667164923
644,0.057529895366218234
645,0.04689835575485799
646,0.049542227204783254
647,0.05481128550074738
648,0.04898636023916293
649,0.05548081714000997
650,0.060215807174887885
651,0.04273480318883906
652,0.043398106626806175
653,0.050795652715495763
654,0.060592613353263575
655,0.05920061036372695
656,0.05884871699053314
657,0.054417351768809165
658,0.039427628300946684
659,0.04543939960139511
660,0.05401407573492775
661,0.050454658694569006
662,0.06970602889885401
663,0.058993522670652714
664,0.03939181614349776
665,0.04964810662680618
666,0.05558513951170902
667,0.05394245142002989
668,0.048983246138515193
669,0.0518155206776283
670,0.03892781514698555
671,0.06360239162929746
672,0.05168161434977578
673,0.055762643248629784
674,0.04959360986547085
675,0.05089997508719482
676,0.04534441953163926
677,0.048428936223218734
678,0.040942638266068754
679,0.04732498754359741
680,0.043798268560039856
681,0.0646035749875436
682,0.04880418535127054
683,0.049134280019930233
684,0.054177566018933726
685,0.03888421773791729
686,0.050295839561534626
687,0.04210731190832087
688,0.06055835824613851
689,0.03740501993024414
690,0.05696312904833085
691,0.05315146985550572
692,0.0520101519681116
693,0.06090090931738913
694,0.04614630044843049
695,0.05478948679621325
696,0.05158040607872447
697,0.049305555555555554
698,0.042141567015445934
699,0.0505387394120578
700,0.04344948928749377
701,0.048509902840059786
702,0.050260027404085694
703,0.052130044843049325
704,0.05104789486796212
705,0.06214654957648231
706,0.038076108619830594
707,0.054685164424514196
708,0.04250591679123069
709,0.05780705032386646
710,0.04064368460388639
711,0.039167600896860985
712,0.04333426756352766
713,0.04178033134030892
714,0.050158819133034376
715,0.054661808669656205
716,0.060401096163428
717,0.05679652466367712
718,0.059298704534130546
719,0.05256134778276034
720,0.056407262082710505
721,0.05194631290483308
722,0.04038988540109616
723,0.06616996761335327
724,0.05465090931738913
725,0.04696063776781265
726,0.06099121823617339
727,0.05830842052815147
728,0.04322371699053314
729,0.06002117588440459
730,0.05267656950672645
731,0.05048735675137019
732,0.055113353263577476
733,0.05137643248629796
734,0.06604384653712007
735,0.06211540857000498
736,0.05578288490284006
737,0.0531436846038864
738,0.05185444693572496
739,0.050621263079222725
740,0.0565333831589437
741,0.06433109118086695
742,0.044470914299950176
743,0.059930866965620326
744,0.06127771549576482
745,0.04957336821126059
746,0.04596256851021425
747,0.04485083457897359
748,0.057209142999501736
749,0.04665389885401096
750,0.06494924015944195
751,0.03771642999501743
752,0.05213783009466866
753,0.033949925261584454
754,0.057079907822620825
755,0.047793659691081215
756,0.053406826108619826
757,0.03871605630293971
758,0.049950174389636275
759,0.04854104384653712
760,0.058808233682112604
761,0.05372446437468859
762,0.06252646985550572
763,0.04261646736422521
764,0.04892563527653214
765,0.06499595166915795
766,0.051919843049327355
767,0.0429979446935725
768,0.048614225211758844
769,0.059188153961136025
770,0.06472658196312905
771,0.04913739412057797
772,0.05109149227703039
773,0.06136335326357748
774,0.047233121574489285
775,0.04922770303936223
776,0.043712630792227196
777,0.0367245889387145
778,0.05400317638266069
779,0.059557174887892375
780,0.062381664175386146
781,0.0449847409068261
782,0.049209018435475836
783,0.05997446437468859
784,0.04180368709516692
785,0.04721287992027902
786,0.05742868709516692
787,0.048559728450423514
788,0.06116872197309417
789,0.04863758096661684
790,0.058787992027902344
791,0.04402559790732436
792,0.053248006975585446
793,0.05255511958146487
794,0.05975803437967114
795,0.039303064275037373
796,0.04879640009965122
797,0.05673891380169407
798,0.05271860986547085
799,0.05528462879920278
800,0.06426569506726458
801,0.05149476831091181
802,0.04066236920777279
803,0.0512674389636273
804,0.052771549576482314
805,0.053484678624813146
806,0.054974775784753356
807,0.045215184354758346
808,0.03312157448928749
809,0.04741218236173393
810,0.06938527653213752
811,0.06292040358744394
812,0.05610830842052816
813,0.038471599402092674
814,0.04409255107125062
815,0.05092021674140508
816,0.04708675884404583
817,0.04003799202790234
818,0.03854633781763826
819,0.04693883906327852
820,0.05183109118086697
821,0.042971474838066764
822,0.05118335824613851
823,0.06307922272047832
824,0.04279397110114598
825,0.05898729446935724
826,0.05040327603388141
827,0.05425386148480319
828,0.049783570004982555
829,0.05173611111111111
830,0.050795652715495763
831,0.053674638764324864
832,0.0581075610363727
833,0.053833457897359244
834,0.052123816641753855
835,0.049568697060288984
836,0.06359460637767812
837,0.053934666168410555
838,0.06472813901345291
839,0.06181334080717489
840,0.05211603139013453
841,0.05094824364723467
842,0.050879733432984554
843,0.04934448181365222
844,0.061579783258594915
845,0.056558295964125566
846,0.0582835077229696
847,0.0484631913303438
848,0.05605848281016442
849,0.034798517688091675
850,0.045454970104633785
851,0.06045092177379173
852,0.04729228948679621
853,0.05290234180368709
854,0.057417787742899844
855,0.050681988041853504
856,0.05444070752366716
857,0.0447667538614848
858,0.057131290483308415
859,0.06458800448430493
860,0.05161310413552566
861,0.04801008968609865
862,0.0475663303437967
863,0.04583177628300947
864,0.062078039362232176
865,0.06928562531141007
866,0.06261522172396611
867,0.0549078226208271
868,0.05623287244643746
869,0.05212070254110612
870,0.04630200548081713
871,0.04921836073741903
872,0.0538817264573991
873,0.048477204783258586
874,0.04746823617339312
875,0.03639760837070254
876,0.048919407075236676
877,0.059790732436472344
878,0.05607561036372695
879,0.06692825112107624
880,0.03859616342800199
881,0.05330250373692076
882,0.05757972097658197
883,0.0529116841056303
884,0.05404365969108121
885,0.0481050697558545
886,0.038892002989536614
887,0.041672894867962135
888,0.042762830094668663
889,0.049170092177379165
890,0.07220198056801196
891,0.06137425261584454
892,0.05640414798206277
893,0.05223903836571998
894,0.06062686846038864
895,0.05672490034877927
896,0.05276065022421525
897,0.04591274289985052
898,0.06114225211758844
899,0.04955624065769806
900,0.04664611360239163
901,0.0556832336821126
902,0.058174514200298955
903,0.061008345789735914
904,0.07278743148978575
905,0.047337443946188336
906,0.058484367214748374
907,0.05311410064773293
908,0.047572558545092174
909,0.046202354260089694
910,0.06796368958644743
911,0.04634093173891381
912,0.05866809915296463
913,0.04518715744892875
914,0.06006633034379671
915,0.05163957399103139
916,0.05793628550074738
917,0.04373287244643747
918,0.05374159192825112
919,0.04496294220229198
920,0.04484304932735426
921,0.06298891380169407
922,0.054063901345291474
923,0.05973467862481315
924,0.06054745889387145
925,0.04207617090184355
926,0.05544967613353263
927,0.04436659192825112
928,0.036768186347782755
929,0.049500186846038866
930,0.058702354260089684
931,0.055293971101145985
932,0.039138016940707517
933,0.049735301444942696
934,0.05360924265072247
935,0.046991778774289984
936,0.06126525909317389
937,0.054812842551071245
938,0.052013266068759334
939,0.06990377428998505
940,0.06351052566018933
941,0.04714592675635276
942,0.05665950423517688
943,0.0562453288490284
944,0.04730007473841554
945,0.06654833084205282
946,0.05381944444444444
947,0.04933046836073741
948,0.05656919531639263
949,0.051328163926258094
950,0.053568759342301944
951,0.05915389885401096
952,0.042171150971599396
953,0.051829534130543094
954,0.07189679870453412
955,0.04449427005480817
956,0.05592301943198804
957,0.058197869955156946
958,0.04734211509715994
959,0.038792351768809165
960,0.05925510712506228
961,0.047999190333831585
962,0.06576357747882412
963,0.03871917040358744
964,0.046864100647732936
965,0.046909255107125056
966,0.03850896860986546
967,0.050800323866467365
968,0.05188247384155456
969,0.03701887144992526
970,0.0538770553064275
971,0.04303998505231689
972,0.06225554309915297
973,0.05656296711509715
974,0.05856066268061784
975,0.05740066018933732
976,0.056321624314897845
977,0.04897078973592426
978,0.05359367214748381
979,0.05211603139013453
980,0.06117027902341803
981,0.046171213253612356
982,0.06705125809666168
983,0.05170185600398605
984,0.03222315645241654
985,0.05739598903836572
986,0.0564820004982561
987,0.047446437468858994
988,0.0549498629795715
989,0.042097969606377676
990,0.058046836073741906
991,0.05110239162929745
992,0.06558140259093173
993,0.06253892625809666
994,0.050937344294967615
995,0.052905455904334826
996,0.056369892874937724
997,0.05726986796213254
998,0.05420559292476333
999,0.05471319133034379
1000,0.057928500249128045
1001,0.043848094170403584
1002,0.05931738913801694
1003,0.05358588689586448
1004,0.05144494270054808
1005,0.056525597907324365
1006,0.042765944195316395
1007,0.057143746885899356
1008,0.0410656452416542
1009,0.05148854010961634
1010,0.05718267314399601
1011,0.05922240906826108
1012,0.06727391629297459
1013,0.058445440956651724
1014,0.06582585949177877
1015,0.0515227952167414
1016,0.04551413801694071
1017,0.05129390881913303
1018,0.03919874190333831
1019,0.06468921275535626
1020,0.052509965122072746
1021,0.04911248131539611
1022,0.05370577977080219
1023,0.04145335077229696
1024,0.06647203537618336
1025,0.05325579222720478
1026,0.05635432237169905
1027,0.04332492526158445
1028,0.04609803188839063
1029,0.062060911808669655
1030,0.040995577977080214
1031,0.044273168908819126
1032,0.05921618086696562
1033,0.044987855007473834
1034,0.04660251619332337
1035,0.061164050822122576
1036,0.04120577977080219
1037,0.053461322869955155
1038,0.04804123069257598
1039,0.04080873193821624
1040,0.058708582461385155
1041,0.06268061783756851
1042,0.05385058545092177
1043,0.04778898854010962
1044,0.04628176382660688
1045,0.04253861484803188
1046,0.042806427503736914
1047,0.06502864972595913
1048,0.06817077727952167
1049,0.051835762331838564
1050,0.050761397608370694
1051,0.053453537618335815
1052,0.05545901843547582
1053,0.04650130792227204
1054,0.03982311908320876
1055,0.03820378674638764
1056,0.051083707025411054
1057,0.042013888888888885
1058,0.03935444693572496
1059,0.05919282511210762
1060,0.05195098405580468
1061,0.059292476332835076
1062,0.0533756851021425
1063,0.05019151718983557
1064,0.04700890632785251
1065,0.05962724215246637
1066,0.05401407573492775
1067,0.04752117588440458
1068,0.05374470602889886
1069,0.04152341803687096
1070,0.03456807424015944
1071,0.04217426507224714
1072,0.040009965122072735
1073,0.04536466118584952
1074,0.04644525411061285
1075,0.06121699053313403
1076,0.05632473841554559
1077,0.039728139013452915
1078,0.06241903338315894
1079,0.056645490782262074
1080,0.05060724962630792
1081,0.05728699551569507
1082,0.05464468111609368
1083,0.056201731439960136
1084,0.05294438216243149
1085,0.04074644992526158
1086,0.046164985052316886
1087,0.03707803936223218
1088,0.05225928001993024
1089,0.052444569008470346
1090,0.041501619332336814
1091,0.04708987294469357
1092,0.05102765321375187
1093,0.0554745889387145
1094,0.04383408071748878
1095,0.045663614848031886
1096,0.050566766317887396
1097,0.04172427752864972
1098,0.044645303936223214
1099,0.047443323368211256
1100,0.04144867962132536
1101,0.04892407822620827
1102,0.04594699800697558
1103,0.045984367214748384
1104,0.046460824613851516
1105,0.050392376681614344
1106,0.04977734180368709
1107,0.05368086696562033
1108,0.05219855505729945
1109,0.056172147483806674
1110,0.05144182859990034
1111,0.04847564773293473
1112,0.04567295714997509
1113,0.04362387892376682
1114,0.047304745889387136
1115,0.054548143996013945
1116,0.04851924514200299
1117,0.049691704035874446
1118,0.05973156452416541
1119,0.0598857125062282
1120,0.04320036123567514
1121,0.043050884404583954
1122,0.043578724464374684
1123,0.04476363976083706
1124,0.06614661185849527
1125,0.05897016691579471
1126,0.0398215620328849
1127,0.04922303188839062
1128,0.06287524912805183
1129,0.0556598779272546
1130,0.06506913303437968
1131,0.046012394120577976
1132,0.0489552192326856
1133,0.06145833333333333
1134,0.03014760837070254
1135,0.05420092177379173
1136,0.049461260587942195
1137,0.06329876681614349
1138,0.0622166168410563
1139,0.056804309915296454
1140,0.05581869706028898
1141,0.035765445939212756
1142,0.05256757598405581
1143,0.03411185849526656
1144,0.050826793721973094
1145,0.05567233432984553
1146,0.05067575984055805
1147,0.05590589187842551
1148,0.05288988540109616
1149,0.04335606626806179
1150,0.04521674140508221
1151,0.05835513203786746
1152,0.05555711260587942
1153,0.04265072247135027
1154,0.06429995017438964
1155,0.04422178624813154
1156,0.04729384653712007
1157,0.048716990533134025
1158,0.03342987045341305
1159,0.047359242650722465
1160,0.059879484304932735
1161,0.06394027154957647
1162,0.058520179372197306
1163,0.058197869955156946
1164,0.05019774539113104
1165,0.050468672147483816
1166,0.047275161933233674
1167,0.052305991529646226
1168,0.0374719730941704
1169,0.05429745889387145
1170,0.05166604384653712
1171,0.04246543348281016
1172,0.047949364723467856
1173,0.0525115221723966
1174,0.03913490284005979
1175,0.05084236422521176
1176,0.06496792476332834
1177,0.04744955156950673
1178,0.03780362481315396
1179,0.06034971350274041
1180,0.04411590682610862
1181,0.05242277030393622
1182,0.04220696312904833
1183,0.04125093423019431
1184,0.05462599651220728
1185,0.04780611609367215
1186,0.0382240284005979
1187,0.05596817389138017
1188,0.048745017438963624
1189,0.037414362232187345
1190,0.06117027902341804
1191,0.05134684853014449
1192,0.060925822122571
1193,0.04837443946188341
1194,0.04504702291978077
1195,0.052052192326856005
1196,0.05568634778276033
1197,0.053668410563029394
1198,0.05169874190333831
1199,0.05119892874937717
1200,0.04276438714499252
1201,0.05131103637269556
1202,0.0554418908819133
1203,0.0612232187344295
1204,0.04711478574987544
1205,0.05595104633781764
1206,0.05442357997010463
1207,0.05034099402092676
1208,0.06344980069755854
1209,0.055166292974588936
1210,0.04075579222720478
1211,0.06424233931240658
1212,0.05988726955655206
1213,0.04979602640757349
1214,0.03438278525161933
1215,0.040522234678624806
1216,0.05336322869955156
1217,0.05216741405082212
1218,0.045180929247633284
1219,0.045610675137020426
1220,0.04225990284005979
1221,0.04099402092675635
1222,0.04819070752366716
1223,0.04794469357249626
1224,0.05167071499750872
1225,0.05587786497259591
1226,0.05230910563029398
1227,0.03840931738913801
1228,0.052987979571499755
1229,0.05751588191330344
1230,0.05475211758844046
1231,0.05318883906327852
1232,0.04552970852017937
1233,0.04783102889885401
1234,0.05009965122072745
1235,0.054369083208769306
1236,0.05055898106626806
1237,0.057302566018933736
1238,0.053824115595416035
1239,0.044089436970602885
1240,0.04443354509217738
1241,0.05012767812655705
1242,0.05591990533134031
1243,0.05515227952167413
1244,0.05839405829596411
1245,0.05381010214250124
1246,0.05764978824115595
1247,0.03724308669656203
1248,0.0512067140009965
1249,0.052257722969606374
1250,0.04521362730443447
1251,0.04751494768310911
1252,0.05078942451420029
1253,0.05633719481813651
1254,0.05085326357747882
1255,0.06761646736422522
1256,0.04744799451918286
1257,0.05446562032884903
1258,0.04714125560538116
1259,0.0489598903836572
1260,0.047491591928251115
1261,0.04692015445939212
1262,0.05883314648729447
1263,0.0463596163428002
1264,0.060113041853512704
1265,0.06338440458395615
1266,0.048804185351270554
1267,0.06328008221225709
1268,0.052580032386646734
1269,0.041084329845540606
1270,0.04365190582959641
1271,0.05667974588938715
1272,0.05398916292974588
1273,0.048106626806178374
1274,0.04653556302939711
1275,0.06191766317887394
1276,0.05105256601893374
1277,0.03972813901345291
1278,0.05116467364225211
1279,0.060162867463876425
1280,0.048888266068759345
1281,0.037197932237169905
1282,0.05583893871449925
1283,0.03716679123069257
1284,0.054213378176382665
1285,0.04737481315396113
1286,0.03485924265072247
1287,0.05390196811160936
1288,0.04018902590931739
1289,0.05645241654210264
1290,0.057212257100149475
1291,0.05282137518684603
1292,0.06157199800697559
1293,0.05642438963627304
1294,0.06602204783258596
1295,0.05406701544593921
1296,0.0639620702541106
1297,0.05363571250622819
1298,0.05706900847035376
1299,0.05770584205281515
1300,0.053944008470353765
1301,0.04308358246138515
1302,0.05447651968111609
1303,0.032855318883906325
1304,0.054151096163428
1305,0.07481471101145988
1306,0.06612481315396113
1307,0.05278400597907325
1308,0.05683077977080219
1309,0.053958021923268554
1310,0.058940582959641254
1311,0.049610737419033386
1312,0.04115128300946687
1313,0.045895615346287985
1314,0.05245235426008968
1315,0.04352734180368709
1316,0.046808046836073744
1317,0.05237605879422023
1318,0.058003238664673634
1319,0.053518933731938216
1320,0.060675137020428496
1321,0.0419157947184853
1322,0.052259280019930236
1323,0.059403026905829596
1324,0.049092239661185845
1325,0.04543784255107124
1326,0.050803437967115096
1327,0.05243989785749875
1328,0.04557642002989536
1329,0.046828288490284004
1330,0.04498162680617838
1331,0.06431084952665671
1332,0.05197589686098655
1333,0.05621263079222721
1334,0.05928001993024414
1335,0.03673548829098156
1336,0.060150411061285505
1337,0.04762394120577977
1338,0.05617993273542601
1339,0.04334672396611858
1340,0.05172365470852018
1341,0.042097969606377676
1342,0.050210201793721966
1343,0.04881508470353762
1344,0.05582648231190832
1345,0.04918099152964623
1346,0.048129982561036365
1347,0.060332585949177876
1348,0.04426538365719979
1349,0.05363726955655206
1350,0.05888764324862979
1351,0.06549109367214748
1352,0.039721910812157445
1353,0.05866654210264075
1354,0.0645848903836572
1355,0.054714748380667665
1356,0.052802690582959645
1357,0.052534877927254614
1358,0.06194257598405581
1359,0.04538334578973592
1360,0.046562032884902835
1361,0.04434479322371699
1362,0.06111889636273045
1363,0.04138795465869457
1364,0.05091554559043348
1365,0.043641006477329346
1366,0.040796275535625315
1367,0.05080655206776283
1368,0.04621169656203288
1369,0.0637767812655705
1370,0.04641255605381166
1371,0.05867121325361236
1372,0.05346599402092675
1373,0.05185756103637269
1374,0.04943479073243647
1375,0.06469232685600398
1376,0.048248318385650225
1377,0.05066174638764325
1378,0.0534083831589437
1379,0.05124719730941703
1380,0.04668659691081215
1381,0.04954534130543099
1382,0.04628332087693074
1383,0.05239630044843049
1384,0.03856502242152466
1385,0.04472004235176882
1386,0.03904770802192326
1387,0.056566081215744884
1388,0.04732654459392128
1389,0.05600242899850523
1390,0.04236578226208271
1391,0.05371045092177378
1392,0.05854664922770304
1393,0.051754795714997505
1394,0.04531327852516193
1395,0.05274196562032885
1396,0.0549265072247135
1397,0.04997820129546586
1398,0.05898262331838565
1399,0.05634030891878426
1400,0.028514262580966614
1401,0.04564493024414549
1402,0.05419780767314399
1403,0.04362232187344295
1404,0.058517065271549575
1405,0.04982561036372695
1406,0.04727516193323368
1407,0.04585513203786746
1408,0.050510712506228204
1409,0.04815333831589438
1410,0.04171804932735426
1411,0.0534037120079721
1412,0.058148044344793225
1413,0.06179309915296462
1414,0.03773355754857997
1415,0.04621325361235675
1416,0.052407199800697565
1417,0.04127117588440458
1418,0.05852329347284504
1419,0.039893186347782765
1420,0.050348779272546086
1421,0.048382224713502744
1422,0.06864879172894868
1423,0.049816268061783756
1424,0.04349308669656203
1425,0.053831900847035374
1426,0.05362792725460887
1427,0.03023324613851519
1428,0.059237979571499746
1429,0.04992214748380668
1430,0.0538490284005979
1431,0.04132567264573991
1432,0.05517874937717988
1433,0.05564119332336821
1434,0.05253643497757848
1435,0.054099713502740406
1436,0.04413303437967115
1437,0.0502553562531141
1438,0.04857529895366218
1439,0.05495609118086696
1440,0.05045310164424514
1441,0.042097969606377676
1442,0.045146674140508214
1443,0.05528774289985052
1444,0.0531296711509716
1445,0.042860924265072244
1446,0.06460201793721973
1447,0.05316548330842053
1448,0.05816828599900349
1449,0.05003114100647733
1450,0.05787244643746887
1451,0.05099028400597907
1452,0.059471537120079715
1453,0.03893404334828102
1454,0.051588191330343786
1455,0.05440333831589436
1456,0.045604446935724956
1457,0.052446126058794215
1458,0.044855505729945185
1459,0.05263141504733433
1460,0.0544858619830593
1461,0.041503176382660684
1462,0.04863913801694071
1463,0.06105505729945192
1464,0.05685257847533632
1465,0.058257037867463876
1466,0.05894058295964126
1467,0.03607685600398605
1468,0.05734927752864972
1469,0.05400473343298455
1470,0.04778276033881415
1471,0.05563963627304434
1472,0.05087194818136522
1473,0.04065458395615347
1474,0.059424825610363725
1475,0.046728637269556554
1476,0.06372695565520678
1477,0.056710886895864475
1478,0.041749190333831586
1479,0.051040109616342796
1480,0.0673751245640259
1481,0.06534005979073243
1482,0.05587786497259591
1483,0.05738508968609866
1484,0.04620391131041355
1485,0.03627148729446936
1486,0.05187001743896362
1487,0.06839032137518684
1488,0.05125186846038864
1489,0.05296929496761336
1490,0.05122228450423518
1491,0.04841959392127553
1492,0.053167040358744394
1493,0.06074053313403088
1494,0.05148075485799701
1495,0.05610363726955655
1496,0.05616747633283507
1497,0.05690396113602392
1498,0.042892065271549575
1499,0.06557050323866466
1500,0.05456838565022421
1501,0.05327136273044345
1502,0.05143248629795715
1503,0.0484818759342302
1504,0.04372508719481813
1505,0.04845696312904833
1506,0.05558046836073742
1507,0.05174701046337817
1508,0.06453817887394121
1509,0.05763266068759342
1510,0.0477889885401096
1511,0.04903307174887892
1512,0.05803282262082711
1513,0.049542227204783254
1514,0.050582336821126055
1515,0.05677161185849527
1516,0.06513920029895366
1517,0.06597533632286996
1518,0.0502179870453413
1519,0.04945503238664673
1520,0.060623754359740906
1521,0.04753207523667165
1522,0.04300884404583956
1523,0.05116311659192825
1524,0.05721537120079721
1525,0.05270771051320378
1526,0.037115408570004976
1527,0.03934510463378176
1528,0.05721381415047334
1529,0.04182859990034877
1530,0.04613695814648729
1531,0.05609429496761335
1532,0.05708925012456402
1533,0.04043192575984056
1534,0.045850460886895865
1535,0.05209734678624813
1536,0.04809884155455904
1537,0.04171493522670652
1538,0.05530798455406079
1539,0.05892345540607872
1540,0.04937406576980568
1541,0.05431925759840558
1542,0.03723218734429497
1543,0.05906981813652217
1544,0.05848436721474838
1545,0.05431770054808171
1546,0.053603014449427
1547,0.056327852516193315
1548,0.050871948181365215
1549,0.04554995017438963
1550,0.04312095166915795
1551,0.06217613353263577
1552,0.06260899352267066
1553,0.05434728450423517
1554,0.060220478325859486
1555,0.04726270553064275
1556,0.05357810164424513
1557,0.06708862730443448
1558,0.05302846287992027
1559,0.05363571250622819
1560,0.050784753363228685
1561,0.0520708769307424
1562,0.054865782262082705
1563,0.05009809417040359
1564,0.04168846537120079
1565,0.054630667663178874
1566,0.026585077229696063
1567,0.06257785251619333
1568,0.06495235426008969
1569,0.042303500249128045
1570,0.05757972097658196
1571,0.05358588689586448
1572,0.04615875685102142
1573,0.049943946188340804
1574,0.03851519681116094
1575,0.04106408819133034
1576,0.04990034877927254
1577,0.049305555555555554
1578,0.048774601395117086
1579,0.052344917787742896
1580,0.06312126307922271
1581,0.05565364972595913
1582,0.055991529646238165
1583,0.04773604882909816
1584,0.058109118086696554
1585,0.0705655206776283
1586,0.04765819631290483
1587,0.04652933482810165
1588,0.04933825361235675
1589,0.06085264075734927
1590,0.04205748629795714
1591,0.0547178624813154
1592,0.04916542102640757
1593,0.055714374688589925
1594,0.05454502989536622
1595,0.06028431738913802
1596,0.042642937219730934
1597,0.05462599651220726
1598,0.045389573991031384
1599,0.05278867713004484
1600,0.04924015944195316
1601,0.05300666417538615
1602,0.06062842551071251
1603,0.04044905331340309
1604,0.03861951918285999
1605,0.043555368709516686
1606,0.05722627055306428
1607,0.051083707025411054
1608,0.039695440956651715
1609,0.05498256103637269
1610,0.04867027902341804
1611,0.06867681863477827
1612,0.05416510961634279
1613,0.05074271300448431
1614,0.05140290234180368
1615,0.04915452167414051
1616,0.05252397857498755
1617,0.05141847284504235
1618,0.057134404583956154
1619,0.05535469606377678
1620,0.051357747882411556
1621,0.045697869955156956
1622,0.05866654210264075
1623,0.05331184603886398
1624,0.05332430244145491
1625,0.05856844793223717
1626,0.052878986048829096
1627,0.043848094170403584
1628,0.0643061783756851
1629,0.05661123567513702
1630,0.04538178873941205
1631,0.05839250124564026
1632,0.054658694569008466
1633,0.04512020428500249
1634,0.05131726457399103
1635,0.04491155954160438
1636,0.04715371200797209
1637,0.0617292600896861
1638,0.038258283507722965
1639,0.049926818634778276
1640,0.0393342052815147
1641,0.05150099651220727
1642,0.049525099651220726
1643,0.047843485301444943
1644,0.054462506228201285
1645,0.04173361983059292
1646,0.04622103886397609
1647,0.05457305680119581
1648,0.05458707025411061
1649,0.05275909317389139
1650,0.04193915047334329
1651,0.05874283756851021
1652,0.04695908071748879
1653,0.06038396860986547
1654,0.038020054808171395
1655,0.06444942700548083
1656,0.05217364225211759
1657,0.05434417040358744
1658,0.04503300946686597
1659,0.05751743896362731
1660,0.05809977578475336
1661,0.049548455406078724
1662,0.04808949925261584
1663,0.04770023667164922
1664,0.05171742650722471
1665,0.05360145739910313
1666,0.03721350274040857
1667,0.04725647732934728
1668,0.062431489785749875
1669,0.05141847284504235
1670,0.05113041853512706
1671,0.0548891380169407
1672,0.056636148480318886
1673,0.051732997010463376
1674,0.06318665919282511
1675,0.04780455904334828
1676,0.07336665421026409
1677,0.057031639262580966
1678,0.05370889387144992
1679,0.04583800448430493
1680,0.04139262580966616
1681,0.04866405082212257
1682,0.05668597409068261
1683,0.06014262580966617
1684,0.052689025909317386
1685,0.06043690832087693
1686,0.03992744145490782
1687,0.05214717239661185
1688,0.04971505979073244
1689,0.03641006477329347
1690,0.04670683856502242
1691,0.06260432237169905
1692,0.04419531639262581
1693,0.05406234429496761
1694,0.037939088191330336
1695,0.04887736671649228
1696,0.04454565271549576
1697,0.044696686596910805
1698,0.04409722222222222
1699,0.06084796960637768
1700,0.04240470852017938
1701,0.03977952167414051
1702,0.04021238166417538
1703,0.04817357997010463
1704,0.05719824364723467
1705,0.0644447558545092
1706,0.04715371200797209
1707,0.051438714499252615
1708,0.04933669656203288
1709,0.04910625311410065
1710,0.050719357249626305
1711,0.06257162431489785
1712,0.054839312406576975
1713,0.04677846287992028
1714,0.05651002740408571
1715,0.034614785749875435
1716,0.0611438091679123
1717,0.05836447433981067
1718,0.05709859242650723
1719,0.06496481066268062
1720,0.057489412057797715
1721,0.05186223218734429
1722,0.059124314897857494
1723,0.04010338814150473
1724,0.05586229446935725
1725,0.05826170901843548
1726,0.04601706527154957
1727,0.047265819631290486
1728,0.0611111111111111
1729,0.052623629795715
1730,0.05294749626307923
1731,0.05201638016940707
1732,0.046336260587942206
1733,0.059762705530642744
1734,0.043726644245142
1735,0.05408102889885401
1736,0.04483059292476332
1737,0.05297708021923268
1738,0.05605692575984055
1739,0.03525629048330842
1740,0.06457710513203786
1741,0.04112014200298954
1742,0.05644307424015943
1743,0.052045964125560534
1744,0.04722533632286995
1745,0.0560086571998007
1746,0.06613726955655207
1747,0.04375155705032387
1748,0.05307517438963628
1749,0.049652777777777775
1750,0.03928593672147484
1751,0.030686347782760335
1752,0.032654459392127556
1753,0.055756415047334335
1754,0.055142937219730945
1755,0.05403276033881414
1756,0.0549685475834579
1757,0.05206464872944694
1758,0.06030455904334828
1759,0.04767999501743897
1760,0.05412151220727454
1761,0.05892968360737418
1762,0.04655736173393124
1763,0.056891504733432983
1764,0.03946032635774788
1765,0.042943447932237165
1766,0.03904303687095167
1767,0.0629873567513702
1768,0.04518092924763328
1769,0.06217301943198804
1770,0.04380916791230692
1771,0.04417974588938714
1772,0.05595416043846537
1773,0.05310475834578973
1774,0.038893560039860484
1775,0.05336945690084703
1776,0.05583582461385151
1777,0.034773604882909814
1778,0.05187313153961135
1779,0.057607747882411554
1780,0.06259809417040359
1781,0.04191735176880917
1782,0.04311005231689088
1783,0.04971350274040857
1784,0.04708364474339811
1785,0.060860426008968606
1786,0.058091990533134026
1787,0.05083457897359242
1788,0.06891971848530144
1789,0.05471786248131539
1790,0.04665078475336323
1791,0.06201731439960139
1792,0.04888359491778775
1793,0.06041199551569507
1794,0.04547988290981565
1795,0.04875280269058296
1796,0.06030923019431987
1797,0.05105100896860986
1798,0.05508844045839561
1799,0.05450298953662182
1800,0.05117557299451918
1801,0.04990813403089187
1802,0.04810351270553064
1803,0.0590962879920279
1804,0.054689835575485804
1805,0.05587163677130045
1806,0.06539455655206776
1807,0.05616591928251121
1808,0.0442420279023418
1809,0.0499859865470852
1810,0.058188527653213744
1811,0.051311036372695566
1812,0.04873567513702042
1813,0.04817357997010463
1814,0.051863789237668156
1815,0.050235114598903834
1816,0.06089468111609366
1817,0.04249813153961136
1818,0.052759093173891373
1819,0.05941859740906826
1820,0.06883719481813652
1821,0.06572932237169905
1822,0.037778712007972094
1823,0.054973218734429494
1824,0.04843672147483806
1825,0.05112886148480318
1826,0.044010027404085696
1827,0.04037742899850523
1828,0.0423938091679123
1829,0.049465931738913796
1830,0.045786621823617334
1831,0.045985924265072246
1832,0.051117962132536124
1833,0.04902528649725959
1834,0.04945503238664673
1835,0.05192140009965122
1836,0.06533071748878924
1837,0.050096537120079714
1838,0.04627397857498754
1839,0.06640196811160937
1840,0.05893746885899352
1841,0.05119114349775784
1842,0.05431302939711011
1843,0.0478964250124564
1844,0.060918036870951674
1845,0.050312967115097154
1846,0.06292818883906327
1847,0.045984367214748384
1848,0.05228574987543597
1849,0.05082056552067763
1850,0.05825548081714001
1851,0.04560911808669656
1852,0.04027310662680618
1853,0.05669375934230193
1854,0.05118802939711011
1855,0.04232841305430991
1856,0.05562873692077728
1857,0.04883844045839561
1858,0.048013203786746395
1859,0.049704160438465365
1860,0.04648262331838565
1861,0.05432859990034878
1862,0.05560071001494768
1863,0.058912556053811654
1864,0.06086354010961634
1865,0.05243834080717489
1866,0.059898168908819126
1867,0.06723810413552567
1868,0.06182579720976582
1869,0.06097409068261085
1870,0.053383470353761835
1871,0.04993304683607373
1872,0.03430648978574987
1873,0.04780611609367215
1874,0.04314897857498754
1875,0.048252989536621826
1876,0.058250809666168406
1877,0.05120827105132038
1878,0.053204409566517195
1879,0.04736079970104634
1880,0.06261055057299451
1881,0.05515227952167414
1882,0.056267127553562536
1883,0.049212132536123575
1884,0.04488664673642252
1885,0.044888203786746385
1886,0.054070129546586944
1887,0.04412836322869955
1888,0.04360363726955655
1889,0.04692482561036372
1890,0.04640944195316393
1891,0.0590822745391131
1892,0.059392127553562525
1893,0.054415794718485296
1894,0.04353201295465869
1895,0.06009124314897857
1896,0.06451949427005481
1897,0.05275597907324365
1898,0.05814337319382162
1899,0.0521409441953164
1900,0.06185849526656702
1901,0.06252179870453413
1902,0.04923237419033383
1903,0.060591056302939705
1904,0.049746200797209754
1905,0.05909784504235177
1906,0.04681894618834081
1907,0.05351426258096661
1908,0.06815520677628302
1909,0.05193074240159442
1910,0.03468485301444942
1911,0.05213783009466866
1912,0.05336945690084703
1913,0.04782947184853014
1914,0.062372321873442944
1915,0.055628736920777286
1916,0.06298891380169407
1917,0.055177192326856
1918,0.05328070503238664
1919,0.04948150224215246
1920,0.038759653712007965
1921,0.054127740408570005
1922,0.050753612356751375
1923,0.054339499252615844
1924,0.03570472097658196
1925,0.05248972346786247
1926,0.06460668908819132
1927,0.038420216741405076
1928,0.047843485301444943
1929,0.060570814648729446
1930,0.05103699551569507
1931,0.04783414299950174
1932,0.05352204783258594
1933,0.05171742650722471
1934,0.056234429496761336
1935,0.054439150473343294
1936,0.05499034628799203
1937,0.05817295714997508
1938,0.058759965122072745
1939,0.05056520926756352
1940,0.04751650473343298
1941,0.04592519930244145
1942,0.052826046337817636
1943,0.04352734180368709
1944,0.044143933731938215
1945,0.05069600149476831
1946,0.041126370204285
1947,0.04780144494270054
1948,0.06596287992027902
1949,0.04369550323866467
1950,0.04757255854509217
1951,0.04027466367713004
1952,0.060721848530144486
1953,0.06322869955156951
1954,0.054596412556053804
1955,0.060482062780269054
1956,0.05368709516691579
1957,0.06524040857000499
1958,0.059083831589436975
1959,0.048220291479820626
1960,0.06205312655705033
1961,0.05254733432984554
1962,0.05606159691081215
1963,0.05531109865470851
1964,0.04615408570004983
1965,0.05591679123069258
1966,0.056840122072745386
1967,0.047012020428500244
1968,0.052164299950174395
1969,0.053308731938216246
1970,0.057581278026905824
1971,0.046625871948181366
1972,0.045395802192326855
1973,0.06305119581464873
1974,0.04721132286995516
1975,0.0543737543597409
1976,0.05434572745391131
1977,0.05902933482810164
1978,0.04577883657199801
1979,0.06249377179870454
1980,0.055211447433981056
1981,0.04128207523667164
1982,0.050705343796711516
1983,0.051597533632286995
1984,0.053578101644245146
1985,0.06332990782262082
1986,0.06521549576482312
1987,0.036928562531141004
1988,0.047524289985052315
1989,0.0559946437468859
1990,0.049848966118584956
1991,0.03369768310911808
1992,0.05900442202291978
1993,0.06395739910313901
1994,0.05089841803687095
1995,0.04896456153462879
1996,0.05114287493771799
1997,0.050716243148978574
1998,0.056927316890881915
1999,0.0507006726457399
