ACTUAL_rna_age_covnorm,ACTUAL_rna_age_ranknorm,ACTUAL_rna_age_raw,ACTUAL_rna_age_resid_both,ACTUAL_rna_age_resid_cc,ACTUAL_rna_age_resid_pluri,ACTUAL_rna_age_top100,ACTUAL_rna_age_top2000,ACTUAL_rna_age_top500,ACTUAL_rna_dage_covnorm,ACTUAL_rna_dage_ranknorm,ACTUAL_rna_dage_raw,ACTUAL_rna_dage_resid_both,ACTUAL_rna_dage_resid_cc,ACTUAL_rna_dage_resid_pluri,ACTUAL_rna_dage_top100,ACTUAL_rna_dage_top2000,ACTUAL_rna_dage_top500,ERROR_covnorm_mt,ERROR_covnorm_sb,ERROR_ranknorm_mt,ERROR_ranknorm_sb,ERROR_raw_mt,ERROR_raw_sb,ERROR_resid_both_mt,ERROR_resid_both_sb,ERROR_resid_cc_mt,ERROR_resid_cc_sb,ERROR_resid_pluri_mt,ERROR_resid_pluri_sb,ERROR_top100_mt,ERROR_top100_sb,ERROR_top2000_mt,ERROR_top2000_sb,ERROR_top500_mt,ERROR_top500_sb,TRUTH_meth_age_mt,TRUTH_meth_age_sb,TRUTH_meth_dage_mt,TRUTH_meth_dage_sb,arm_set,condition,day,donor,is_control,n_replicates
103.81,142.04,100.41,0.941,7.937,1.393,84.751,91.092,107.193,-2.275,-5.587,-2.029,0.39,-2.45,0.527,0.29,0.722,2.151,-9.435,-0.482,-12.747,-3.794,-9.189,-0.236,-6.77,2.183,-9.61,-0.657,-6.633,2.32,-6.87,2.083,-6.438,2.514,-5.009,3.944,49.119,45.841,7.16,-1.793,transient,failed_to_transiently_reprogram,10,O1,False,1
81.832,142.129,80.814,-19.015,-10.754,-18.841,77.91,71.927,92.662,-24.666,-4.846,-21.994,-20.048,-23.14,-19.691,-3.35,-18.373,-12.228,-19.553,-25.162,0.268,-5.342,-16.88,-22.49,-14.934,-20.544,-18.026,-23.636,-14.578,-20.187,1.764,-3.846,-13.259,-18.869,-7.115,-12.724,37.136,48.187,-5.113,0.496,transient,failed_to_transiently_reprogram,13,O1,False,2
82.943,140.787,81.804,-17.893,-8.667,-18.053,81.661,73.981,95.07,-18.98,-8.183,-16.924,-14.926,-17.154,-14.849,1.828,-12.931,-7.213,-22.991,-20.189,-12.194,-9.392,-20.935,-18.133,-18.937,-16.135,-21.165,-18.363,-18.86,-16.058,-2.182,0.619,-16.942,-14.14,-11.224,-8.422,47.073,50.207,4.011,1.209,transient,failed_to_transiently_reprogram,15,O1,False,2
80.601,142.191,79.716,-20.177,-11.303,-20.17,77.314,72.16,94.082,-24.908,-6.783,-22.209,-20.235,-21.905,-20.321,-2.777,-17.489,-10.521,-19.777,-23.175,-1.652,-5.05,-17.078,-20.476,-15.104,-18.502,-16.775,-20.173,-15.19,-18.588,2.354,-1.044,-12.358,-15.756,-5.391,-8.789,38.723,49.469,-5.131,-1.733,transient,failed_to_transiently_reprogram,17,O1,False,2
74.27,150.366,74.071,3.841,-18.438,4.405,66.679,59.287,77.779,-31.815,2.739,-28.368,3.291,-28.825,3.539,-17.782,-31.084,-27.263,-26.053,-26.783,8.501,7.771,-22.606,-23.336,9.052,8.323,-23.063,-23.793,9.301,8.571,-12.021,-12.75,-25.322,-26.052,-21.502,-22.231,36.197,42.602,-5.762,-5.032,transient,failing_to_transiently_reprogram_intermediate,10,O1,False,1
76.08,150.609,75.685,7.362,-15.449,7.512,67.22,63.253,84.271,-30.419,3.635,-27.123,6.33,-27.835,6.662,-14.04,-27.047,-20.619,-22.899,-29.087,11.154,4.967,-19.603,-25.791,13.849,7.661,-20.316,-26.503,14.182,7.994,-6.52,-12.708,-19.528,-25.715,-13.099,-19.287,34.73,46.36,-7.519,-1.332,transient,failing_to_transiently_reprogram_intermediate,13,O1,False,1
80.038,149.938,79.214,11.787,-11.758,11.891,68.961,66.726,88.766,-21.885,0.967,-19.514,14.754,-20.245,15.095,-10.872,-20.187,-13.517,-12.65,-19.617,10.202,3.236,-10.279,-17.246,23.989,17.023,-11.01,-17.977,24.33,17.364,-1.637,-8.603,-10.952,-17.918,-4.282,-11.249,33.827,46.73,-9.235,-2.268,transient,failing_to_transiently_reprogram_intermediate,15,O1,False,1
84.922,151.022,83.569,17.089,-7.066,17.093,71.629,71.229,93.807,-20.587,2.048,-18.356,17.03,-17.669,16.943,-8.461,-18.42,-10.797,-15.592,-21.016,7.043,1.619,-13.361,-18.785,22.025,16.601,-12.674,-18.098,21.938,16.513,-3.466,-8.89,-13.425,-18.849,-5.802,-11.226,38.859,51.63,-4.995,0.429,transient,failing_to_transiently_reprogram_intermediate,17,O1,False,1
105.916,141.55,102.288,1.004,9.922,1.417,85.669,92.768,105.42,-0.169,-6.076,-0.151,0.454,-0.465,0.551,1.208,2.398,0.378,-0.094,1.589,-6.001,-4.318,-0.076,1.607,0.529,2.212,-0.389,1.294,0.627,2.31,1.283,2.966,2.473,4.156,0.453,2.136,41.883,45.875,-0.075,-1.758,transient,negative_control,10,O1,True,1
96.033,140.897,93.476,-7.817,1.479,-7.516,82.054,84.426,100.193,-10.465,-6.077,-9.332,-8.849,-10.907,-8.366,0.794,-5.874,-4.698,-14.346,-9.357,-9.958,-4.969,-13.212,-8.223,-12.729,-7.74,-14.788,-9.798,-12.247,-7.258,-3.086,1.903,-9.754,-4.765,-8.578,-3.589,46.13,46.583,3.881,-1.109,transient,negative_control,13,O1,True,2
95.48,143.266,92.983,-8.264,1.569,-8.141,81.781,84.011,98.804,-6.443,-5.704,-5.745,-5.297,-6.918,-4.937,1.948,-2.902,-3.48,-10.423,-5.9,-9.684,-5.161,-9.725,-5.202,-9.276,-4.753,-10.898,-6.375,-8.917,-4.394,-2.032,2.491,-6.882,-2.358,-7.46,-2.937,47.042,48.455,3.98,-0.543,transient,negative_control,15,O1,True,2
101.901,143.293,98.708,-2.705,6.215,-2.254,83.481,89.361,103.428,-3.608,-5.68,-3.217,-2.764,-4.387,-2.405,3.391,-0.288,-1.176,-6.535,-4.271,-8.607,-6.344,-6.144,-3.88,-5.691,-3.427,-7.314,-5.051,-5.332,-3.068,0.464,2.727,-3.215,-0.952,-4.103,-1.839,46.781,51.865,2.927,0.664,transient,negative_control,17,O1,True,2
106.254,153.703,102.59,0.097,10.851,0.314,83.253,87.973,104.664,0.169,6.076,0.151,-0.454,0.465,-0.551,-1.208,-2.398,-0.378,0.094,-1.589,6.001,4.318,0.076,-1.607,-0.529,-2.212,0.389,-1.294,-0.627,-2.31,-1.283,-2.966,-2.473,-4.156,-0.453,-2.136,42.034,49.392,0.075,1.758,transient,negative_control_intermediate,10,O1,True,1
116.964,153.052,112.139,9.881,23.293,9.216,80.466,96.173,109.588,10.465,6.077,9.332,8.849,10.907,8.366,-0.794,5.874,4.698,14.346,9.357,9.958,4.969,13.212,8.223,12.729,7.74,14.788,9.798,12.247,7.258,3.086,-1.903,9.754,4.765,8.578,3.589,38.369,48.8,-3.881,1.109,transient,negative_control_intermediate,13,O1,True,1
108.366,154.675,104.473,2.329,15.405,1.732,77.884,89.814,105.764,6.443,5.704,5.745,5.297,6.918,4.937,-1.948,2.902,3.48,10.423,5.9,9.684,5.161,9.725,5.202,9.276,4.753,10.898,6.375,8.917,4.394,2.032,-2.491,6.882,2.358,7.46,2.937,39.082,49.541,-3.98,0.543,transient,negative_control_intermediate,15,O1,True,1
109.116,154.653,105.142,2.822,14.99,2.555,76.7,89.937,105.779,3.608,5.68,3.217,2.764,4.387,2.405,-3.391,0.288,1.176,6.535,4.271,8.607,6.344,6.144,3.88,5.691,3.427,7.314,5.051,5.332,3.068,-0.464,-2.727,3.215,0.952,4.103,1.839,40.927,50.538,-2.927,-0.664,transient,negative_control_intermediate,17,O1,True,1
34.235,140.153,38.374,-30.337,-51.313,-30.629,55.184,26.278,45.74,-71.85,-7.474,-64.065,-30.887,-61.699,-31.495,-29.276,-64.092,-59.302,-52.231,-61.059,12.145,3.317,-44.446,-53.274,-11.268,-20.096,-42.081,-50.908,-11.876,-20.704,-9.657,-18.485,-44.473,-53.301,-39.683,-48.511,22.34,36.843,-19.619,-10.791,transient,transient_reprogramming_intermediate,10,O1,False,1
50.386,145.174,52.775,-12.86,-39.874,-12.237,54.856,37.11,52.866,-56.112,-1.801,-50.032,-13.892,-52.259,-13.087,-26.404,-53.19,-52.024,-31.616,-40.365,22.695,13.946,-25.537,-34.285,10.604,1.855,-27.764,-36.512,11.408,2.66,-1.908,-10.657,-28.694,-37.442,-27.529,-36.277,17.754,31.944,-24.496,-15.747,transient,transient_reprogramming_intermediate,13,O1,False,1
46.713,145.614,49.5,-14.529,-43.849,-13.688,55.615,35.203,53.003,-55.21,-3.356,-49.228,-11.562,-52.336,-10.483,-24.218,-51.709,-49.281,-29.869,-30.356,21.984,21.497,-23.888,-24.374,13.778,13.292,-26.996,-27.483,14.857,14.37,1.123,0.636,-26.369,-26.856,-23.94,-24.427,17.722,24.144,-25.34,-24.854,transient,transient_reprogramming_intermediate,15,O1,False,1
46.59,146.335,49.39,-18.02,-44.726,-16.956,58.431,37.112,55.337,-58.919,-2.638,-52.535,-18.078,-55.328,-17.107,-21.66,-52.537,-49.266,-26.004,-25.718,30.277,30.562,-19.62,-19.334,14.836,15.122,-22.413,-22.128,15.808,16.093,11.255,11.541,-19.622,-19.337,-16.352,-16.066,10.939,18.001,-32.915,-33.201,transient,transient_reprogramming_intermediate,17,O1,False,1
68.444,137.724,68.876,-32.819,-21.732,-32.944,81.85,61.737,89.831,-37.641,-9.902,-33.562,-33.37,-32.118,-33.81,-2.611,-28.634,-15.211,-31.729,-47.711,-3.99,-19.972,-27.65,-43.633,-27.458,-43.44,-26.206,-42.189,-27.898,-43.88,3.301,-12.681,-22.722,-38.704,-9.299,-25.281,36.046,57.704,-5.912,10.07,transient,transiently_reprogrammed,10,O1,False,1
63.23,143.508,64.227,-35.027,-28.165,-34.599,74.15,56.672,82.227,-42.279,-5.465,-37.698,-35.085,-38.768,-34.749,-5.941,-32.977,-22.376,-40.209,-5.294,-3.395,31.52,-35.628,-0.713,-33.015,1.9,-36.698,-1.783,-32.679,2.236,-3.871,31.044,-30.907,4.008,-20.306,14.609,41.784,14.216,-2.07,-36.985,transient,transiently_reprogrammed,17,O1,False,1
121.875,146.216,116.518,16.468,25.037,16.615,96.373,107.08,120.298,1.137,-2.578,1.014,3.061,0.975,3.079,3.166,4.121,5.612,-3.765,3.746,-7.479,0.032,-3.888,3.623,-1.841,5.67,-3.926,3.584,-1.822,5.688,-1.736,5.775,-0.78,6.731,0.711,8.221,53.555,56.081,4.902,-2.609,transient,failed_to_transiently_reprogram,10,O2,False,1
112.46,146.125,108.123,8.49,16.822,8.584,93.192,98.878,114.635,-8.914,-4.056,-7.948,-5.767,-9.138,-5.397,1.388,-4.763,-0.861,-5.124,-15.657,-0.267,-10.8,-4.158,-14.691,-1.978,-12.511,-5.349,-15.882,-1.607,-12.14,5.177,-5.356,-0.974,-11.507,2.928,-7.605,44.983,63.87,-3.789,6.744,transient,failed_to_transiently_reprogram,13,O2,False,2
112.285,147.807,107.967,10.225,16.775,10.292,92.359,97.798,112.241,-8.229,-0.754,-7.337,-3.385,-8.61,-2.983,1.803,-4.779,-1.797,-9.511,-15.084,-2.036,-7.609,-8.619,-14.193,-4.667,-10.24,-9.892,-15.465,-4.265,-9.838,0.521,-5.052,-6.062,-11.635,-3.079,-8.653,51.842,64.33,1.282,6.856,transient,failed_to_transiently_reprogram,15,O2,False,2
108.562,147.787,104.647,4.948,13.309,5.053,89.712,94.999,110.448,-18.334,-2.769,-16.347,-13.991,-16.5,-13.937,-1.254,-12.42,-7.228,-10.73,-15.04,4.836,0.525,-8.743,-13.053,-6.387,-10.697,-8.896,-13.206,-6.332,-10.643,6.35,2.04,-4.816,-9.126,0.377,-3.934,44.033,56.061,-7.604,-3.294,transient,failed_to_transiently_reprogram,17,O2,False,2
80.739,147.519,79.839,2.531,-12.844,3.123,71.995,64.303,81.835,-39.999,-1.274,-35.665,-10.877,-36.906,-10.413,-21.213,-38.655,-32.851,-34.837,-38.779,3.887,-0.055,-30.503,-34.445,-5.716,-9.658,-31.744,-35.686,-5.252,-9.194,-16.052,-19.994,-33.494,-37.436,-27.69,-31.632,43.492,57.471,-5.161,-1.219,transient,failing_to_transiently_reprogram_intermediate,10,O2,False,1
79.91,148.34,79.1,11.757,-12.06,11.919,71.186,65.069,84.59,-41.463,-1.841,-36.971,-2.501,-38.02,-2.062,-20.618,-38.573,-30.906,-34.3,-41.24,5.321,-1.618,-29.808,-36.748,4.662,-2.278,-30.857,-37.797,5.101,-1.839,-13.455,-20.395,-31.41,-38.35,-23.743,-30.683,41.61,56.903,-7.163,-0.223,transient,failing_to_transiently_reprogram_intermediate,13,O2,False,1
78.751,147.979,78.066,9.735,-12.872,9.826,70.984,65.024,86.183,-41.763,-0.581,-37.238,-3.875,-38.257,-3.449,-19.572,-37.553,-27.855,-33.81,-43.15,7.371,-1.968,-29.285,-38.625,4.078,-5.262,-30.305,-39.644,4.504,-4.836,-11.62,-20.959,-29.601,-38.94,-19.903,-29.242,42.607,58.861,-7.952,1.387,transient,failing_to_transiently_reprogram_intermediate,15,O2,False,1
83.49,148.056,82.292,17.576,-8.486,17.631,73.725,69.577,90.609,-43.405,-2.5,-38.702,-1.363,-38.295,-1.359,-17.242,-37.843,-27.066,-34.895,-43.052,6.011,-2.146,-30.192,-38.349,7.148,-1.009,-29.785,-37.942,7.152,-1.005,-8.731,-16.888,-29.332,-37.489,-18.555,-26.712,43.127,59.001,-8.511,-0.354,transient,failing_to_transiently_reprogram_intermediate,17,O2,False,1
128.089,145.99,122.058,21.032,30.328,21.252,96.438,111.65,121.018,7.351,-2.804,6.555,7.624,6.266,7.716,3.23,8.691,6.332,0.739,8.04,-9.416,-2.115,-0.057,7.243,1.012,8.313,-0.345,6.955,1.104,8.405,-3.382,3.918,2.08,9.38,-0.28,7.021,55.265,58.002,6.612,-0.689,transient,negative_control,10,O2,True,1
118.205,144.682,113.245,11.967,22.191,11.979,94.912,103.867,115.793,-3.168,-5.499,-2.825,-2.291,-3.769,-2.001,3.108,0.226,0.297,-6.265,-2.596,-8.596,-4.927,-5.921,-2.253,-5.387,-1.718,-6.865,-3.197,-5.097,-1.429,0.011,3.68,-2.871,0.798,-2.799,0.869,51.869,56.554,3.096,-0.572,transient,negative_control,13,O2,True,2
117.649,144.171,112.75,11.572,22.141,11.449,94.661,102.952,114.648,-2.864,-4.39,-2.554,-2.037,-3.244,-1.825,4.105,0.375,0.61,-4.76,-0.831,-6.286,-2.357,-4.449,-0.521,-3.933,-0.005,-5.139,-1.211,-3.721,0.208,2.21,6.138,-1.521,2.408,-1.285,2.643,52.455,55.442,1.896,-2.033,transient,negative_control,15,O2,True,2
124.938,146.344,119.249,17.898,27.622,18.085,95.852,108.916,119.426,-1.958,-4.212,-1.746,-1.041,-2.188,-0.904,4.885,1.497,1.75,-4.636,1.192,-6.89,-1.062,-4.424,1.404,-3.72,2.108,-4.866,0.962,-3.582,2.246,2.207,8.035,-1.182,4.647,-0.928,4.9,54.316,56.205,2.678,-3.15,transient,negative_control,17,O2,True,2
113.387,151.597,108.949,5.784,17.796,5.82,89.978,94.267,108.354,-7.351,2.804,-6.555,-7.624,-6.266,-7.716,-3.23,-8.691,-6.332,-0.739,-8.04,9.416,2.115,0.057,-7.243,-1.012,-8.313,0.345,-6.955,-1.104,-8.405,3.382,-3.918,-2.08,-9.38,0.28,-7.021,42.042,59.379,-6.612,0.689,transient,negative_control_intermediate,10,O2,True,1
124.542,155.68,118.896,16.548,29.729,15.981,88.696,103.416,115.199,3.168,5.499,2.825,2.291,3.769,2.001,-3.108,-0.226,-0.297,6.265,2.596,8.596,4.927,5.921,2.253,5.387,1.718,6.865,3.197,5.097,1.429,-0.011,-3.68,2.871,-0.798,2.799,-0.869,45.676,57.699,-3.096,0.572,transient,negative_control_intermediate,13,O2,True,1
123.378,152.951,117.858,15.647,28.629,15.1,86.451,102.203,113.427,2.864,4.39,2.554,2.037,3.244,1.825,-4.105,-0.375,-0.61,4.76,0.831,6.286,2.357,4.449,0.521,3.933,0.005,5.139,1.211,3.721,-0.208,-2.21,-6.138,1.521,-2.408,1.285,-2.643,48.664,59.507,-1.896,2.033,transient,negative_control_intermediate,15,O2,True,1
128.853,154.767,122.74,19.981,31.997,19.893,86.082,105.923,115.925,1.958,4.212,1.746,1.041,2.188,0.904,-4.885,-1.497,-1.75,4.636,-1.192,6.89,1.062,4.424,-1.404,3.72,-2.108,4.866,-0.962,3.582,-2.246,-2.207,-8.035,1.182,-4.647,0.928,-4.9,48.959,62.505,-2.678,3.15,transient,negative_control_intermediate,17,O2,True,1
41.251,141.715,44.63,-23.622,-45.769,-23.696,59.038,31.445,50.018,-79.487,-7.079,-70.874,-37.03,-69.831,-37.232,-34.17,-71.513,-64.668,-56.363,-64.691,16.045,7.717,-47.75,-56.079,-13.906,-22.234,-46.707,-55.035,-14.108,-22.436,-11.046,-19.374,-48.389,-56.717,-41.544,-49.872,25.529,43.895,-23.124,-14.796,transient,transient_reprogramming_intermediate,10,O2,False,1
51.235,143.961,53.532,-8.852,-38.965,-8.266,58.764,38.676,55.338,-70.138,-6.22,-62.539,-23.11,-64.924,-22.246,-33.04,-64.966,-60.158,-41.761,-48.406,22.157,15.512,-34.162,-40.807,5.267,-1.378,-36.547,-43.193,6.131,-0.514,-4.663,-11.309,-36.589,-43.234,-31.781,-38.426,20.395,35.395,-28.377,-21.732,transient,transient_reprogramming_intermediate,13,O2,False,1
50.181,146.194,52.592,-1.757,-40.076,-1.09,60.782,38.601,56.124,-70.333,-2.367,-62.713,-15.367,-65.461,-14.365,-29.774,-63.976,-57.914,-31.846,-35.772,36.121,32.195,-24.225,-28.151,23.121,19.195,-26.974,-30.899,24.123,20.197,8.714,4.788,-25.489,-29.415,-19.427,-23.352,12.072,22.913,-38.487,-34.562,transient,transient_reprogramming_intermediate,15,O2,False,1
44.737,143.486,47.738,1.141,-44.558,1.721,61.983,36.229,54.895,-82.158,-7.069,-73.256,-17.799,-74.368,-17.268,-28.984,-71.19,-62.781,-36.203,-33.155,38.886,41.934,-27.301,-24.253,28.157,31.205,-28.412,-25.364,28.687,31.735,16.971,20.019,-25.235,-22.187,-16.825,-13.777,5.682,10.351,-45.955,-49.003,transient,transient_reprogramming_intermediate,17,O2,False,1
103.299,138.857,99.955,-1.795,8.258,-1.588,89.948,93.03,112.856,-17.438,-9.937,-15.549,-15.203,-15.804,-15.124,-3.26,-9.929,-1.83,6.283,4.794,13.785,12.296,8.172,6.684,8.519,7.03,7.917,6.429,8.598,7.109,20.461,18.973,13.793,12.304,21.891,20.403,24.932,36.458,-23.721,-22.233,transient,transiently_reprogrammed,10,O2,False,1
76.512,139.687,76.07,-25.573,-16.184,-25.196,76.144,66.86,89.23,-44.861,-10.494,-40.0,-39.831,-42.144,-39.176,-15.661,-36.781,-26.266,-33.822,-22.864,0.545,11.502,-28.962,-18.004,-28.792,-17.834,-31.105,-20.147,-28.137,-17.179,-4.622,6.336,-25.742,-14.784,-15.227,-4.269,37.734,35.129,-11.039,-21.997,transient,transiently_reprogrammed,13,O2,False,2
102.807,147.232,99.516,-4.207,7.037,-3.768,91.337,91.061,109.133,-24.089,-3.323,-21.479,-23.146,-22.772,-22.757,0.371,-16.359,-8.543,-36.102,-23.4,-15.337,-2.635,-33.492,-20.79,-35.159,-22.457,-34.786,-22.084,-34.77,-22.068,-11.643,1.059,-28.372,-15.67,-20.556,-7.854,63.651,58.666,12.013,-0.689,transient,transiently_reprogrammed,17,O2,False,1
115.006,145.495,110.393,9.968,19.053,10.071,92.611,100.688,114.153,-5.759,-4.829,-5.135,-3.846,-5.826,-3.631,2.129,-1.24,1.682,-8.017,-5.678,-7.087,-4.748,-7.393,-5.054,-6.105,-3.765,-8.084,-5.745,-5.889,-3.55,-0.13,2.209,-3.499,-1.159,-0.576,1.763,43.76,43.556,2.258,-0.081,transient,failed_to_transiently_reprogram,10,O3,False,1
106.004,146.036,102.367,2.928,12.015,2.733,89.966,93.541,109.2,-14.728,-5.227,-13.132,-11.288,-13.812,-11.074,0.181,-9.151,-4.934,-16.572,-14.936,-7.07,-5.435,-14.976,-13.34,-13.131,-11.496,-15.655,-14.019,-12.918,-11.282,-1.662,-0.027,-10.994,-9.359,-6.777,-5.141,40.727,43.833,1.843,0.208,transient,failed_to_transiently_reprogram,13,O3,False,2
103.829,144.882,100.427,0.564,10.152,0.344,90.412,91.807,107.993,-12.022,-4.822,-10.72,-9.335,-11.738,-9.019,1.417,-6.834,-3.889,-12.57,-4.818,-5.37,2.382,-11.268,-3.516,-9.883,-2.131,-12.286,-4.535,-9.567,-1.816,0.869,8.62,-7.382,0.37,-4.437,3.315,43.681,34.819,0.548,-7.204,transient,failed_to_transiently_reprogram,15,O3,False,2
99.525,146.792,96.59,-2.747,5.548,-2.732,87.702,87.795,104.755,-19.425,-4.245,-17.32,-15.001,-17.67,-14.886,-0.446,-12.874,-7.449,-19.197,-12.715,-4.017,2.465,-17.092,-10.61,-14.773,-8.291,-17.442,-10.96,-14.658,-8.176,-0.218,6.264,-12.646,-6.164,-7.221,-0.739,43.921,37.109,-0.228,-6.71,transient,failed_to_transiently_reprogram,17,O3,False,2
76.925,148.851,76.438,1.869,-16.051,2.412,71.633,61.754,80.44,-43.84,-1.473,-39.09,-11.944,-40.929,-11.29,-18.849,-40.174,-32.03,-42.52,-46.601,-0.153,-4.233,-37.77,-41.85,-10.624,-14.705,-39.609,-43.689,-9.97,-14.05,-17.529,-21.61,-38.854,-42.935,-30.71,-34.791,40.181,46.397,-1.32,2.76,transient,failing_to_transiently_reprogram_intermediate,10,O3,False,1
82.404,150.163,81.323,10.573,-10.0,10.773,69.461,66.733,85.21,-38.328,-1.099,-34.176,-3.643,-35.827,-3.034,-20.324,-35.959,-28.923,-32.567,-39.304,4.662,-2.075,-28.414,-35.151,2.118,-4.619,-30.066,-36.803,2.728,-4.009,-14.562,-21.299,-30.197,-36.934,-23.162,-29.899,33.122,44.601,-5.761,0.976,transient,failing_to_transiently_reprogram_intermediate,13,O3,False,1
87.268,150.315,85.661,14.098,-5.493,14.244,74.282,72.16,91.898,-28.583,0.611,-25.486,4.199,-27.384,4.881,-14.714,-26.481,-19.985,-23.732,-30.762,5.462,-1.568,-20.635,-27.665,9.05,2.019,-22.533,-29.564,9.731,2.701,-9.863,-16.894,-21.631,-28.661,-15.134,-22.164,38.282,44.202,-4.851,2.18,transient,failing_to_transiently_reprogram_intermediate,15,O3,False,1
85.327,150.06,83.93,17.299,-6.621,17.277,75.236,71.982,94.057,-33.623,-0.978,-29.98,5.045,-29.838,5.123,-12.911,-28.687,-18.147,-28.999,-36.265,3.646,-3.62,-25.356,-32.622,9.67,2.404,-25.214,-32.48,9.747,2.481,-8.287,-15.553,-24.063,-31.329,-13.523,-20.789,39.525,46.46,-4.624,2.642,transient,failing_to_transiently_reprogram_intermediate,17,O3,False,1
123.421,145.824,117.897,17.389,26.88,17.393,93.943,107.297,116.192,2.657,-4.5,2.369,3.575,2.002,3.691,3.461,5.369,3.722,1.705,2.951,-5.452,-4.206,1.417,2.663,2.623,3.87,1.05,2.296,2.739,3.986,2.509,3.756,4.417,5.664,2.77,4.016,42.453,43.342,0.952,-0.295,transient,negative_control,10,O3,True,1
114.137,145.248,109.619,8.841,19.083,8.697,92.274,100.045,112.07,-6.595,-6.015,-5.88,-5.375,-6.744,-5.11,2.489,-2.647,-2.064,-8.483,-5.782,-7.903,-5.201,-7.768,-5.067,-7.263,-4.562,-8.632,-5.931,-6.998,-4.297,0.601,3.302,-4.535,-1.834,-3.952,-1.251,40.771,42.812,1.888,-0.813,transient,negative_control,13,O3,True,2
108.932,143.401,104.978,4.523,15.752,3.981,93.304,96.46,109.896,-6.919,-6.303,-6.169,-5.376,-6.139,-5.382,4.308,-2.181,-1.987,-8.239,-4.845,-7.623,-4.228,-7.49,-4.095,-6.696,-3.302,-7.459,-4.065,-6.703,-3.308,2.988,6.382,-3.501,-0.107,-3.307,0.087,44.453,39.948,1.32,-2.074,transient,negative_control,15,O3,True,2
113.888,145.918,109.396,8.665,18.517,8.626,92.652,98.888,110.416,-5.062,-5.12,-4.514,-3.588,-4.7,-3.528,4.505,-1.782,-1.788,-5.369,-3.954,-5.426,-4.012,-4.82,-3.406,-3.895,-2.481,-5.007,-3.593,-3.835,-2.42,4.198,5.612,-2.088,-0.674,-2.095,-0.681,44.456,42.711,0.307,-1.108,transient,negative_control,17,O3,True,2
118.108,154.824,113.159,10.239,22.876,10.011,87.021,96.559,108.749,-2.657,4.5,-2.369,-3.575,-2.002,-3.691,-3.461,-5.369,-3.722,-1.705,-2.951,5.452,4.206,-1.417,-2.663,-2.623,-3.87,-1.05,-2.296,-2.739,-3.986,-2.509,-3.756,-4.417,-5.664,-2.77,-4.016,40.55,43.932,-0.952,0.295,transient,negative_control_intermediate,10,O3,True,1
127.327,157.277,121.379,19.591,32.571,18.917,87.296,105.339,116.198,6.595,6.015,5.88,5.375,6.744,5.11,-2.489,2.647,2.064,8.483,5.782,7.903,5.201,7.768,5.067,7.263,4.562,8.632,5.931,6.998,4.297,-0.601,-3.302,4.535,1.834,3.952,1.251,36.995,44.439,-1.888,0.813,transient,negative_control_intermediate,13,O3,True,1
122.77,156.006,117.316,15.275,28.03,14.746,84.687,100.822,113.869,6.919,6.303,6.169,5.376,6.139,5.382,-4.308,2.181,1.987,8.239,4.845,7.623,4.228,7.49,4.095,6.696,3.302,7.459,4.065,6.703,3.308,-2.988,-6.382,3.501,0.107,3.307,-0.087,41.813,44.096,-1.32,2.074,transient,negative_control_intermediate,15,O3,True,1
124.012,156.158,118.424,15.842,27.918,15.683,83.643,102.451,113.993,5.062,5.12,4.514,3.588,4.7,3.528,-4.505,1.782,1.788,5.369,3.954,5.426,4.012,4.82,3.406,3.895,2.481,5.007,3.593,3.835,2.42,-4.198,-5.612,2.088,0.674,2.095,0.681,43.843,44.926,-0.307,1.108,transient,negative_control_intermediate,17,O3,True,1
36.721,137.678,40.591,-29.298,-48.883,-29.66,58.231,28.528,47.944,-84.043,-12.646,-74.937,-43.112,-73.761,-43.362,-32.251,-73.4,-64.527,-60.147,-70.166,11.25,1.231,-51.041,-61.06,-19.216,-29.235,-49.865,-59.884,-19.465,-29.484,-8.354,-18.373,-49.504,-59.523,-40.63,-50.649,17.605,29.76,-23.896,-13.877,transient,transient_reprogramming_intermediate,10,O3,False,1
52.223,144.75,54.412,-15.307,-38.06,-14.753,57.564,39.339,55.995,-68.51,-6.513,-61.087,-29.523,-63.887,-28.56,-32.221,-63.352,-58.139,-46.308,-50.831,15.689,11.166,-38.885,-43.408,-7.322,-11.844,-41.685,-46.208,-6.358,-10.881,-10.019,-14.542,-41.15,-45.673,-35.937,-40.46,16.681,25.947,-22.202,-17.679,transient,transient_reprogramming_intermediate,13,O3,False,1
50.676,145.12,53.033,-13.826,-40.706,-12.876,56.321,38.892,55.784,-65.175,-4.584,-58.114,-23.726,-62.596,-22.239,-32.675,-59.749,-56.099,-38.832,-47.698,21.76,12.894,-31.77,-40.636,2.618,-6.248,-36.253,-45.119,4.105,-4.761,-6.331,-15.197,-33.406,-42.272,-29.756,-38.621,16.789,24.545,-26.343,-17.478,transient,transient_reprogramming_intermediate,15,O3,False,1
100.376,139.141,97.348,0.64,5.344,0.958,85.738,87.754,106.122,-20.389,-11.183,-18.18,-13.174,-19.534,-12.744,-4.744,-14.175,-6.348,-17.211,-21.793,-8.005,-12.588,-15.002,-19.584,-9.996,-14.579,-16.356,-20.939,-9.565,-14.148,-1.565,-6.148,-10.996,-15.579,-3.17,-7.753,38.323,45.041,-3.178,1.404,transient,transiently_reprogrammed,10,O3,False,1
91.832,142.331,89.731,-10.634,-4.151,-9.755,83.747,80.708,103.688,-28.9,-8.932,-25.769,-24.85,-29.978,-23.562,-6.038,-21.984,-10.446,-9.218,-21.244,10.75,-1.276,-6.087,-18.113,-5.169,-17.194,-10.297,-22.322,-3.881,-15.906,13.643,1.618,-2.303,-14.328,9.236,-2.79,19.202,35.97,-19.681,-7.656,transient,transiently_reprogrammed,13,O3,False,2
123.996,148.238,118.409,17.407,27.509,17.374,94.605,106.728,117.875,8.145,-1.465,7.262,7.508,5.618,8.011,5.61,8.087,5.993,12.452,10.77,2.842,1.16,11.57,9.888,11.816,10.134,9.926,8.244,12.318,10.636,9.917,8.235,12.395,10.712,10.3,8.618,38.825,39.397,-4.308,-2.625,transient,transiently_reprogrammed,15,O3,False,2
84.426,145.94,83.127,-15.012,-9.98,-14.362,80.623,73.793,96.164,-34.524,-5.098,-30.783,-27.266,-33.197,-26.516,-7.525,-26.876,-16.041,-28.805,-52.417,0.621,-22.991,-25.064,-48.676,-21.547,-45.159,-27.479,-51.091,-20.798,-44.41,-1.806,-25.418,-21.158,-44.77,-10.322,-33.934,38.431,61.712,-5.718,17.893,transient,transiently_reprogrammed,17,O3,False,2
114.419,141.249,109.87,7.067,7.146,13.798,60.219,86.211,87.761,,,,,,,,,,76.014,61.602,102.845,88.433,71.465,57.053,-31.337,-45.749,-31.258,-45.671,-24.606,-39.018,21.814,7.402,47.807,33.395,49.357,34.945,38.404,52.816,,,sendai,CD13,d11,O1,False,2
77.026,146.218,76.529,8.988,9.361,2.089,63.53,51.596,61.026,,,,,,,,,,41.14,30.967,110.332,100.159,40.642,30.47,-26.898,-37.071,-26.526,-36.699,-33.797,-43.97,27.643,17.47,15.709,5.537,25.14,14.967,35.886,46.059,,,sendai,SSEA4,d11,O1,False,2
151.103,159.713,142.579,34.186,35.046,41.766,70.007,112.813,113.768,,,,,,,,,,110.166,97.523,118.775,106.133,101.642,89.0,-6.752,-19.394,-5.891,-18.533,0.828,-11.814,29.07,16.428,71.875,59.233,72.83,60.188,40.938,53.58,,,sendai,CD13,d15,O1,False,1
77.432,146.895,76.89,5.751,1.006,8.303,60.445,48.092,55.042,,,,,,,,,,73.774,72.899,143.237,142.362,73.232,72.357,2.093,1.218,-2.652,-3.527,4.645,3.77,56.788,55.912,44.435,43.56,51.384,50.509,3.658,4.533,,,sendai,SSEA4,d15,O1,False,1
124.551,155.297,118.904,17.013,18.953,20.455,71.431,92.859,100.731,,,,,,,,,,90.483,81.767,121.229,112.513,84.836,76.12,-17.055,-25.771,-15.114,-23.831,-13.613,-22.329,37.363,28.647,58.791,50.075,66.663,57.947,34.068,42.784,,,sendai,CD13,d11,O2,False,2
71.278,142.152,71.403,1.381,5.237,-10.111,65.559,48.055,61.683,,,,,,,,,,24.904,13.51,95.778,84.385,25.029,13.636,-44.993,-56.386,-41.137,-52.53,-56.485,-67.878,19.184,7.791,1.681,-9.712,15.309,3.916,46.374,57.767,,,sendai,SSEA4,d11,O2,False,2
144.629,163.34,136.806,34.357,37.201,36.575,68.41,107.24,106.683,,,,,,,,,,99.774,85.795,118.485,104.506,91.952,77.973,-10.498,-24.477,-7.654,-21.633,-8.28,-22.259,23.555,9.576,62.385,48.406,61.828,47.85,44.855,58.834,,,sendai,CD13,d15,O2,False,1
74.475,142.785,74.253,3.258,-3.159,8.404,63.486,47.325,57.548,,,,,,,,,,72.287,72.181,140.598,140.492,72.066,71.96,1.07,0.965,-5.346,-5.452,6.217,6.111,61.299,61.193,45.138,45.032,55.36,55.255,2.187,2.293,,,sendai,SSEA4,d15,O2,False,1
88.814,147.524,87.039,4.446,7.532,-1.132,67.085,60.398,62.858,,,,,,,,,,44.867,29.919,103.577,88.629,43.093,28.144,-39.5,-54.449,-36.415,-51.363,-45.079,-60.027,23.139,8.19,16.451,1.503,18.911,3.963,43.947,58.895,,,sendai,CD13,d9,O2,False,1
101.921,103.987,98.726,-4.705,-6.534,5.283,71.504,80.798,74.888,,,,,,,,,,68.297,49.315,70.363,51.381,65.102,46.12,-38.329,-57.311,-40.158,-59.14,-28.342,-47.323,37.88,18.898,47.173,28.192,41.264,22.282,33.624,52.606,,,sendai,SSEA4,d9,O2,False,1
105.622,146.147,102.026,-2.804,-2.253,3.935,74.894,83.61,96.834,,,,,,,,,,69.584,74.426,110.11,114.951,65.988,70.83,-38.841,-33.999,-38.29,-33.448,-32.102,-27.26,38.856,43.698,47.572,52.414,60.797,65.639,36.037,31.195,,,sendai,CD13,d11,Y1,False,2
71.001,145.369,71.156,-7.068,-5.659,-11.621,65.927,48.866,63.079,,,,,,,,,,50.872,44.033,125.241,118.402,51.028,44.189,-27.196,-34.035,-25.787,-32.626,-31.75,-38.588,45.798,38.96,28.738,21.899,42.95,36.112,20.128,26.967,,,sendai,SSEA4,d11,Y1,False,2
109.77,145.067,105.725,-6.297,-7.229,5.477,83.721,90.241,104.15,,,,,,,,,,73.872,74.313,109.169,109.609,69.827,70.267,-42.195,-41.755,-43.127,-42.687,-30.421,-29.98,47.823,48.263,54.343,54.783,68.252,68.692,35.898,35.458,,,sendai,CD13,d15,Y1,False,1
79.806,149.047,79.007,1.644,-4.505,8.744,65.632,51.106,62.597,,,,,,,,,,77.869,77.845,147.111,147.086,77.071,77.046,-0.293,-0.318,-6.442,-6.467,6.807,6.782,63.696,63.671,49.169,49.144,60.66,60.635,1.937,1.962,,,sendai,SSEA4,d15,Y1,False,1
63.209,147.1,64.209,-20.078,-16.159,-26.345,62.176,40.697,52.966,,,,,,,,,,29.284,35.862,113.175,119.753,30.284,36.862,-54.003,-47.425,-50.084,-43.506,-60.27,-53.692,28.251,34.829,6.772,13.35,19.042,25.619,33.925,27.347,,,sendai,CD13,d9,Y1,False,1
135.515,156.578,128.68,37.484,45.965,26.569,78.277,107.076,112.299,,,,,,,,,,103.302,109.216,124.365,130.279,96.467,102.381,5.271,11.184,13.752,19.666,-5.644,0.27,46.064,51.978,74.863,80.777,80.086,86.0,32.213,26.299,,,sendai,SSEA4,d9,Y1,False,1
132.667,160.73,126.141,24.01,27.782,24.638,75.067,101.529,109.161,,,,,,,,,,96.56,96.815,124.624,124.878,90.034,90.289,-12.097,-11.842,-8.324,-8.069,-11.469,-11.214,38.96,39.215,65.422,65.677,73.055,73.31,36.106,35.852,,,sendai,CD13,d11,Y2,False,2
85.819,147.922,84.369,6.509,6.597,3.913,63.589,58.861,68.435,,,,,,,,,,68.283,68.037,130.385,130.139,66.832,66.587,-11.028,-11.273,-10.94,-11.185,-13.624,-13.869,46.053,45.807,41.324,41.079,50.898,50.652,17.537,17.782,,,sendai,SSEA4,d11,Y2,False,2
137.795,160.992,130.713,24.584,27.199,28.538,74.193,106.403,113.134,,,,,,,,,,112.959,107.667,136.156,130.864,105.877,100.585,-0.252,-5.545,2.363,-2.93,3.703,-1.59,49.357,44.064,81.567,76.274,88.298,83.006,24.836,30.128,,,sendai,CD13,d15,Y2,False,1
79.371,150.168,78.619,9.088,2.62,13.769,63.906,53.12,66.678,,,,,,,,,,79.119,79.472,149.916,150.269,78.367,78.72,8.837,9.19,2.369,2.722,13.518,13.87,63.655,64.008,52.869,53.222,66.426,66.779,0.251,-0.101,,,sendai,SSEA4,d15,Y2,False,1
87.047,150.065,85.464,4.496,9.75,-5.124,62.252,59.296,61.992,,,,,,,,,,48.569,52.265,111.586,115.283,46.985,50.682,-33.982,-30.285,-28.728,-25.032,-43.602,-39.905,23.774,27.471,20.818,24.514,23.513,27.21,38.478,34.782,,,sendai,CD13,d9,Y2,False,1
132.253,159.676,125.771,29.947,36.418,23.946,58.258,97.915,94.293,,,,,,,,,,111.08,99.054,138.503,126.477,104.598,92.572,8.774,-3.252,15.245,3.219,2.773,-9.253,37.085,25.059,76.742,64.716,73.12,61.094,21.173,33.199,,,sendai,SSEA4,d9,Y2,False,1
