clone_id,n_naive_cells,n_naive1_cells,n_naive2_cells,n_naive3_cells,naive1_total_assigned_cells,naive2_total_assigned_cells,naive3_total_assigned_cells,naive_pooled_fraction,naive_source_samples,outer_group,outer_fold
L100162,1,1,0,0,1433,1863,3193,0.00015411,Naive1,L100162,2
L100615,5,1,1,3,1433,1863,3193,0.00077053,Naive1|Naive2|Naive3,L100615,0
L100688,2,0,0,2,1433,1863,3193,0.00030821,Naive3,L100688,1
L100742,1,0,0,1,1433,1863,3193,0.00015411,Naive3,L100742,0
L100814,20,2,11,7,1433,1863,3193,0.00308214,Naive1|Naive2|Naive3,L100814,0
L101216,2,0,2,0,1433,1863,3193,0.00030821,Naive2,L101216,1
L101260,4,0,1,3,1433,1863,3193,0.00061643,Naive2|Naive3,L101260,4
L102089,1,0,0,1,1433,1863,3193,0.00015411,Naive3,L102089,0
L102444,6,0,4,2,1433,1863,3193,0.00092464,Naive2|Naive3,L102444,2
L102484,1,0,0,1,1433,1863,3193,0.00015411,Naive3,L102484,2
L10299,15,3,8,4,1433,1863,3193,0.0023116,Naive1|Naive2|Naive3,L10299,3
L103055,5,2,3,0,1433,1863,3193,0.00077053,Naive1|Naive2,L103055,1
L103561,3,1,0,2,1433,1863,3193,0.00046232,Naive1|Naive3,L103561,1
L103874,1,0,1,0,1433,1863,3193,0.00015411,Naive2,L103874,1
L104099,17,5,5,7,1433,1863,3193,0.00261982,Naive1|Naive2|Naive3,L104099,4
L10419,6,1,2,3,1433,1863,3193,0.00092464,Naive1|Naive2|Naive3,L10419,2
L10467,1,0,1,0,1433,1863,3193,0.00015411,Naive2,L10467,2
L104690,6,0,4,2,1433,1863,3193,0.00092464,Naive2|Naive3,L104690,4
L104947,6,2,2,2,1433,1863,3193,0.00092464,Naive1|Naive2|Naive3,L104947,4
L105502,1,0,1,0,1433,1863,3193,0.00015411,Naive2,L105502,1
L10551,2,0,0,2,1433,1863,3193,0.00030821,Naive3,L10551,2
L105784,3,1,0,2,1433,1863,3193,0.00046232,Naive1|Naive3,L105784,1
L105849,1,1,0,0,1433,1863,3193,0.00015411,Naive1,L105849,3
L106015,4,0,0,4,1433,1863,3193,0.00061643,Naive3,L106015,2
L106119,2,1,0,1,1433,1863,3193,0.00030821,Naive1|Naive3,L106119,1
L106449,1,0,0,1,1433,1863,3193,0.00015411,Naive3,L106449,2
L106663,1,0,0,1,1433,1863,3193,0.00015411,Naive3,L106663,3
L10693,1,1,0,0,1433,1863,3193,0.00015411,Naive1,L10693,4
L106934,1,0,1,0,1433,1863,3193,0.00015411,Naive2,L106934,3
L106945,5,3,0,2,1433,1863,3193,0.00077053,Naive1|Naive3,L106945,4
L107042,1,0,1,0,1433,1863,3193,0.00015411,Naive2,L107042,3
L10717,7,0,3,4,1433,1863,3193,0.00107875,Naive2|Naive3,L10717,0
L107403,3,1,1,1,1433,1863,3193,0.00046232,Naive1|Naive2|Naive3,L107403,0
L107467,17,1,7,9,1433,1863,3193,0.00261982,Naive1|Naive2|Naive3,L107467,4
L107482,1,0,1,0,1433,1863,3193,0.00015411,Naive2,L107482,1
L107483,2,1,1,0,1433,1863,3193,0.00030821,Naive1|Naive2,L107483,0
L107578,4,2,2,0,1433,1863,3193,0.00061643,Naive1|Naive2,L107578,2
L108005,1,0,1,0,1433,1863,3193,0.00015411,Naive2,L108005,2
L108076,1,0,1,0,1433,1863,3193,0.00015411,Naive2,L108076,1
L108181,1,0,0,1,1433,1863,3193,0.00015411,Naive3,L108181,1
L108266,1,0,0,1,1433,1863,3193,0.00015411,Naive3,L108266,0
L109007,2,0,2,0,1433,1863,3193,0.00030821,Naive2,L109007,1
L109019,9,0,4,5,1433,1863,3193,0.00138696,Naive2|Naive3,L109019,3
L109108,1,0,1,0,1433,1863,3193,0.00015411,Naive2,L109108,1
L109168,2,1,1,0,1433,1863,3193,0.00030821,Naive1|Naive2,L109168,2
L109193,5,1,2,2,1433,1863,3193,0.00077053,Naive1|Naive2|Naive3,L109193,2
L109560,2,0,1,1,1433,1863,3193,0.00030821,Naive2|Naive3,L109560,4
L109676,3,0,1,2,1433,1863,3193,0.00046232,Naive2|Naive3,L109676,2
L109790,7,1,1,5,1433,1863,3193,0.00107875,Naive1|Naive2|Naive3,L109790,0
L109808,4,0,2,2,1433,1863,3193,0.00061643,Naive2|Naive3,L109808,1
L109937,4,2,0,2,1433,1863,3193,0.00061643,Naive1|Naive3,L109937,1
L11049,3,0,1,2,1433,1863,3193,0.00046232,Naive2|Naive3,L11049,3
L110493,1,0,0,1,1433,1863,3193,0.00015411,Naive3,L110493,0
L110835,1,0,1,0,1433,1863,3193,0.00015411,Naive2,L110835,1
L110895,1,0,0,1,1433,1863,3193,0.00015411,Naive3,L110895,0
L111615,1,1,0,0,1433,1863,3193,0.00015411,Naive1,L111615,0
L111734,2,0,0,2,1433,1863,3193,0.00030821,Naive3,L111734,1
L112164,24,9,8,7,1433,1863,3193,0.00369857,Naive1|Naive2|Naive3,L112164,2
L112548,17,5,3,9,1433,1863,3193,0.00261982,Naive1|Naive2|Naive3,L112548,0
L112736,1,1,0,0,1433,1863,3193,0.00015411,Naive1,L112736,0
L112980,1,0,0,1,1433,1863,3193,0.00015411,Naive3,L112980,0
L113046,2,1,1,0,1433,1863,3193,0.00030821,Naive1|Naive2,L113046,4
L113265,2,1,1,0,1433,1863,3193,0.00030821,Naive1|Naive2,L113265,4
L113271,9,4,1,4,1433,1863,3193,0.00138696,Naive1|Naive2|Naive3,L113271,4
L11328,2,0,0,2,1433,1863,3193,0.00030821,Naive3,L11328,2
L113521,1,0,0,1,1433,1863,3193,0.00015411,Naive3,L113521,1
L113556,1,0,1,0,1433,1863,3193,0.00015411,Naive2,L113556,3
L113820,6,2,1,3,1433,1863,3193,0.00092464,Naive1|Naive2|Naive3,L113820,1
L114035,3,0,2,1,1433,1863,3193,0.00046232,Naive2|Naive3,L114035,3
L114118,13,3,6,4,1433,1863,3193,0.00200339,Naive1|Naive2|Naive3,L114118,2
L114326,3,0,2,1,1433,1863,3193,0.00046232,Naive2|Naive3,L114326,3
L114452,6,4,1,1,1433,1863,3193,0.00092464,Naive1|Naive2|Naive3,L114452,2
L11473,12,1,2,9,1433,1863,3193,0.00184928,Naive1|Naive2|Naive3,L11473,2
L11519,1,0,1,0,1433,1863,3193,0.00015411,Naive2,L11519,2
L115333,1,0,0,1,1433,1863,3193,0.00015411,Naive3,L115333,0
L115623,1,0,1,0,1433,1863,3193,0.00015411,Naive2,L115623,2
L115630,1,0,0,1,1433,1863,3193,0.00015411,Naive3,L115630,3
L115717,10,2,4,4,1433,1863,3193,0.00154107,Naive1|Naive2|Naive3,L115717,2
L11587,1,0,0,1,1433,1863,3193,0.00015411,Naive3,L11587,4
L115891,2,0,0,2,1433,1863,3193,0.00030821,Naive3,L115891,1
L115936,4,1,0,3,1433,1863,3193,0.00061643,Naive1|Naive3,L115936,1
L116006,1,0,1,0,1433,1863,3193,0.00015411,Naive2,L116006,3
L116152,9,2,2,5,1433,1863,3193,0.00138696,Naive1|Naive2|Naive3,L116152,1
L116189,12,2,5,5,1433,1863,3193,0.00184928,Naive1|Naive2|Naive3,L116189,3
L116200,4,0,2,2,1433,1863,3193,0.00061643,Naive2|Naive3,L116200,4
L116215,1,1,0,0,1433,1863,3193,0.00015411,Naive1,L116215,4
L116287,12,5,7,0,1433,1863,3193,0.00184928,Naive1|Naive2,L116287,0
L116375,2,0,0,2,1433,1863,3193,0.00030821,Naive3,L116375,3
L116548,1,0,1,0,1433,1863,3193,0.00015411,Naive2,L116548,0
L117154,7,2,1,4,1433,1863,3193,0.00107875,Naive1|Naive2|Naive3,L117154,4
L117526,7,0,4,3,1433,1863,3193,0.00107875,Naive2|Naive3,L117526,3
L117620,1,0,1,0,1433,1863,3193,0.00015411,Naive2,L117620,0
L117646,2,0,0,2,1433,1863,3193,0.00030821,Naive3,L117646,0
L117889,2,0,0,2,1433,1863,3193,0.00030821,Naive3,L117889,3
L117984,2,0,0,2,1433,1863,3193,0.00030821,Naive3,L117984,1
L118217,3,3,0,0,1433,1863,3193,0.00046232,Naive1,L118217,4
L118229,1,0,1,0,1433,1863,3193,0.00015411,Naive2,L118229,0
L118399,2,0,1,1,1433,1863,3193,0.00030821,Naive2|Naive3,L118399,3
L118470,1,1,0,0,1433,1863,3193,0.00015411,Naive1,L118470,1
L118613,6,0,1,5,1433,1863,3193,0.00092464,Naive2|Naive3,L118613,2
L118637,2,0,0,2,1433,1863,3193,0.00030821,Naive3,L118637,1
L118750,1,0,0,1,1433,1863,3193,0.00015411,Naive3,L118750,0
L11899,2,0,0,2,1433,1863,3193,0.00030821,Naive3,L11899,1
L119834,7,5,0,2,1433,1863,3193,0.00107875,Naive1|Naive3,L119834,0
L120471,2,0,0,2,1433,1863,3193,0.00030821,Naive3,L120471,1
L121449,1,0,0,1,1433,1863,3193,0.00015411,Naive3,L121449,0
L121505,1,0,1,0,1433,1863,3193,0.00015411,Naive2,L121505,4
L121689,4,1,1,2,1433,1863,3193,0.00061643,Naive1|Naive2|Naive3,L121689,3
L122300,3,0,2,1,1433,1863,3193,0.00046232,Naive2|Naive3,L122300,3
L122873,1,0,0,1,1433,1863,3193,0.00015411,Naive3,L122873,4
L12301,3,0,1,2,1433,1863,3193,0.00046232,Naive2|Naive3,L12301,0
L123461,2,0,2,0,1433,1863,3193,0.00030821,Naive2,L123461,3
L123566,1,1,0,0,1433,1863,3193,0.00015411,Naive1,L123566,3
L123574,14,2,4,8,1433,1863,3193,0.0021575,Naive1|Naive2|Naive3,L123574,4
L124049,3,1,0,2,1433,1863,3193,0.00046232,Naive1|Naive3,L124049,3
L124052,35,8,10,17,1433,1863,3193,0.00539374,Naive1|Naive2|Naive3,L124052,4
L124157,1,0,0,1,1433,1863,3193,0.00015411,Naive3,L124157,4
L124481,2,0,0,2,1433,1863,3193,0.00030821,Naive3,L124481,3
L124669,1,1,0,0,1433,1863,3193,0.00015411,Naive1,L124669,3
L125192,1,0,0,1,1433,1863,3193,0.00015411,Naive3,L125192,1
L125495,1,1,0,0,1433,1863,3193,0.00015411,Naive1,L125495,3
L126049,1,0,0,1,1433,1863,3193,0.00015411,Naive3,L126049,3
L126247,6,3,1,2,1433,1863,3193,0.00092464,Naive1|Naive2|Naive3,L126247,1
L126445,4,0,0,4,1433,1863,3193,0.00061643,Naive3,L126445,4
L126645,1,1,0,0,1433,1863,3193,0.00015411,Naive1,L126645,4
L126735,6,0,2,4,1433,1863,3193,0.00092464,Naive2|Naive3,L126735,1
L126892,2,0,0,2,1433,1863,3193,0.00030821,Naive3,L126892,0
L126909,1,0,0,1,1433,1863,3193,0.00015411,Naive3,L126909,3
L127213,2,0,0,2,1433,1863,3193,0.00030821,Naive3,L127213,0
L127323,2,1,1,0,1433,1863,3193,0.00030821,Naive1|Naive2,L127323,0
L127688,3,0,2,1,1433,1863,3193,0.00046232,Naive2|Naive3,L127688,1
L128433,1,0,1,0,1433,1863,3193,0.00015411,Naive2,L128433,0
L128570,2,0,1,1,1433,1863,3193,0.00030821,Naive2|Naive3,L128570,1
L128910,1,0,1,0,1433,1863,3193,0.00015411,Naive2,L128910,2
L12904,13,2,4,7,1433,1863,3193,0.00200339,Naive1|Naive2|Naive3,L12904,3
L129056,8,2,0,6,1433,1863,3193,0.00123286,Naive1|Naive3,L129056,3
L12916,1,0,0,1,1433,1863,3193,0.00015411,Naive3,L12916,0
L129163,2,1,0,1,1433,1863,3193,0.00030821,Naive1|Naive3,L129163,3
L129221,1,0,0,1,1433,1863,3193,0.00015411,Naive3,L129221,3
L129285,2,0,1,1,1433,1863,3193,0.00030821,Naive2|Naive3,L129285,2
L129541,2,1,0,1,1433,1863,3193,0.00030821,Naive1|Naive3,L129541,2
L12989,15,2,5,8,1433,1863,3193,0.0023116,Naive1|Naive2|Naive3,L12989,3
L129963,1,0,1,0,1433,1863,3193,0.00015411,Naive2,L129963,0
L129976,1,1,0,0,1433,1863,3193,0.00015411,Naive1,L129976,2
L130314,2,0,0,2,1433,1863,3193,0.00030821,Naive3,L130314,4
L130334,13,1,4,8,1433,1863,3193,0.00200339,Naive1|Naive2|Naive3,L130334,2
L130771,2,0,0,2,1433,1863,3193,0.00030821,Naive3,L130771,2
L131040,1,0,0,1,1433,1863,3193,0.00015411,Naive3,L131040,1
L131195,1,0,0,1,1433,1863,3193,0.00015411,Naive3,L131195,3
L131755,8,2,3,3,1433,1863,3193,0.00123286,Naive1|Naive2|Naive3,L131755,3
L131897,13,1,3,9,1433,1863,3193,0.00200339,Naive1|Naive2|Naive3,L131897,4
L132063,6,1,3,2,1433,1863,3193,0.00092464,Naive1|Naive2|Naive3,L132063,2
L132173,4,0,1,3,1433,1863,3193,0.00061643,Naive2|Naive3,L132173,1
L132236,1,0,0,1,1433,1863,3193,0.00015411,Naive3,L132236,4
L1323,1,0,0,1,1433,1863,3193,0.00015411,Naive3,L1323,2
L132329,2,0,1,1,1433,1863,3193,0.00030821,Naive2|Naive3,L132329,4
L132364,1,0,0,1,1433,1863,3193,0.00015411,Naive3,L132364,0
L132385,1,0,1,0,1433,1863,3193,0.00015411,Naive2,L132385,3
L132506,2,1,1,0,1433,1863,3193,0.00030821,Naive1|Naive2,L132506,1
L132926,1,0,0,1,1433,1863,3193,0.00015411,Naive3,L132926,1
L133025,1,0,1,0,1433,1863,3193,0.00015411,Naive2,L133025,1
L133077,1,0,1,0,1433,1863,3193,0.00015411,Naive2,L133077,1
L133458,2,0,0,2,1433,1863,3193,0.00030821,Naive3,L133458,3
L133480,1,0,0,1,1433,1863,3193,0.00015411,Naive3,L133480,1
L134289,1,0,1,0,1433,1863,3193,0.00015411,Naive2,L134289,3
L134452,1,0,0,1,1433,1863,3193,0.00015411,Naive3,L134452,0
L135014,6,0,3,3,1433,1863,3193,0.00092464,Naive2|Naive3,L135014,4
L135446,5,1,1,3,1433,1863,3193,0.00077053,Naive1|Naive2|Naive3,L135446,3
L135513,3,1,1,1,1433,1863,3193,0.00046232,Naive1|Naive2|Naive3,L135513,1
L135540,2,0,1,1,1433,1863,3193,0.00030821,Naive2|Naive3,L135540,3
L135657,1,0,0,1,1433,1863,3193,0.00015411,Naive3,L135657,4
L135709,3,3,0,0,1433,1863,3193,0.00046232,Naive1,L135709,3
L135998,2,0,1,1,1433,1863,3193,0.00030821,Naive2|Naive3,L135998,4
L136317,2,0,2,0,1433,1863,3193,0.00030821,Naive2,L136317,0
L13633,14,5,1,8,1433,1863,3193,0.0021575,Naive1|Naive2|Naive3,L13633,4
L136444,1,0,1,0,1433,1863,3193,0.00015411,Naive2,L136444,0
L136970,2,0,1,1,1433,1863,3193,0.00030821,Naive2|Naive3,L136970,4
L13712,5,1,2,2,1433,1863,3193,0.00077053,Naive1|Naive2|Naive3,L13712,3
L137162,1,1,0,0,1433,1863,3193,0.00015411,Naive1,L137162,0
L13717,1,0,1,0,1433,1863,3193,0.00015411,Naive2,L13717,0
L137611,39,8,12,19,1433,1863,3193,0.00601017,Naive1|Naive2|Naive3,L137611,4
L137746,2,0,0,2,1433,1863,3193,0.00030821,Naive3,L137746,2
L13780,1,0,0,1,1433,1863,3193,0.00015411,Naive3,L13780,1
L138125,7,3,0,4,1433,1863,3193,0.00107875,Naive1|Naive3,L138125,4
L13818,25,6,7,12,1433,1863,3193,0.00385267,Naive1|Naive2|Naive3,L13818,3
L138181,2,0,0,2,1433,1863,3193,0.00030821,Naive3,L138181,0
L138440,2,1,1,0,1433,1863,3193,0.00030821,Naive1|Naive2,L138440,2
L138458,1,0,1,0,1433,1863,3193,0.00015411,Naive2,L138458,1
L138589,2,0,0,2,1433,1863,3193,0.00030821,Naive3,L138589,2
L138906,8,3,1,4,1433,1863,3193,0.00123286,Naive1|Naive2|Naive3,L138906,2
L139032,3,0,0,3,1433,1863,3193,0.00046232,Naive3,L139032,0
L139081,5,0,4,1,1433,1863,3193,0.00077053,Naive2|Naive3,L139081,4
L139209,3,1,1,1,1433,1863,3193,0.00046232,Naive1|Naive2|Naive3,L139209,1
L139492,1,0,0,1,1433,1863,3193,0.00015411,Naive3,L139492,4
L139565,12,2,3,7,1433,1863,3193,0.00184928,Naive1|Naive2|Naive3,L139565,3
L139672,1,1,0,0,1433,1863,3193,0.00015411,Naive1,L139672,2
L139713,14,4,4,6,1433,1863,3193,0.0021575,Naive1|Naive2|Naive3,L139713,0
L139716,2,0,0,2,1433,1863,3193,0.00030821,Naive3,L139716,0
L139972,1,0,1,0,1433,1863,3193,0.00015411,Naive2,L139972,3
L140054,5,1,0,4,1433,1863,3193,0.00077053,Naive1|Naive3,L140054,2
L140099,1,0,0,1,1433,1863,3193,0.00015411,Naive3,L140099,4
L140100,1,0,0,1,1433,1863,3193,0.00015411,Naive3,L140100,1
L140520,1,0,0,1,1433,1863,3193,0.00015411,Naive3,L140520,0
L140686,1,0,0,1,1433,1863,3193,0.00015411,Naive3,L140686,2
L141027,4,1,3,0,1433,1863,3193,0.00061643,Naive1|Naive2,L141027,1
L141173,1,0,1,0,1433,1863,3193,0.00015411,Naive2,L141173,3
L141176,2,0,2,0,1433,1863,3193,0.00030821,Naive2,L141176,4
L14194,1,1,0,0,1433,1863,3193,0.00015411,Naive1,L14194,0
L142069,3,0,1,2,1433,1863,3193,0.00046232,Naive2|Naive3,L142069,0
L142131,2,1,0,1,1433,1863,3193,0.00030821,Naive1|Naive3,L142131,0
L142448,3,2,0,1,1433,1863,3193,0.00046232,Naive1|Naive3,L142448,3
L143061,2,0,0,2,1433,1863,3193,0.00030821,Naive3,L143061,0
L143472,1,0,0,1,1433,1863,3193,0.00015411,Naive3,L143472,2
L143620,1,0,0,1,1433,1863,3193,0.00015411,Naive3,L143620,2
L143819,3,1,2,0,1433,1863,3193,0.00046232,Naive1|Naive2,L143819,4
L144044,1,0,1,0,1433,1863,3193,0.00015411,Naive2,L144044,0
L144132,6,0,2,4,1433,1863,3193,0.00092464,Naive2|Naive3,L144132,3
L144495,4,1,2,1,1433,1863,3193,0.00061643,Naive1|Naive2|Naive3,L144495,4
L144579,1,0,0,1,1433,1863,3193,0.00015411,Naive3,L144579,0
L145010,5,1,3,1,1433,1863,3193,0.00077053,Naive1|Naive2|Naive3,L145010,0
L145073,20,7,7,6,1433,1863,3193,0.00308214,Naive1|Naive2|Naive3,L145073,1
L145077,3,2,0,1,1433,1863,3193,0.00046232,Naive1|Naive3,L145077,0
L145263,27,4,6,17,1433,1863,3193,0.00416089,Naive1|Naive2|Naive3,L145263,4
L145281,2,0,1,1,1433,1863,3193,0.00030821,Naive2|Naive3,L145281,4
L145460,1,0,0,1,1433,1863,3193,0.00015411,Naive3,L145460,2
L146674,6,3,1,2,1433,1863,3193,0.00092464,Naive1|Naive2|Naive3,L146674,3
L146976,5,1,3,1,1433,1863,3193,0.00077053,Naive1|Naive2|Naive3,L146976,2
L147347,18,6,3,9,1433,1863,3193,0.00277393,Naive1|Naive2|Naive3,L147347,1
L148401,3,1,1,1,1433,1863,3193,0.00046232,Naive1|Naive2|Naive3,L148401,4
L148876,4,2,1,1,1433,1863,3193,0.00061643,Naive1|Naive2|Naive3,L148876,2
L149284,1,0,0,1,1433,1863,3193,0.00015411,Naive3,L149284,4
L149354,8,3,3,2,1433,1863,3193,0.00123286,Naive1|Naive2|Naive3,L149354,1
L149376,6,1,1,4,1433,1863,3193,0.00092464,Naive1|Naive2|Naive3,L149376,0
L14939,2,0,0,2,1433,1863,3193,0.00030821,Naive3,L14939,1
L149612,18,3,5,10,1433,1863,3193,0.00277393,Naive1|Naive2|Naive3,L149612,4
L150059,2,1,1,0,1433,1863,3193,0.00030821,Naive1|Naive2,L150059,2
L15037,1,0,0,1,1433,1863,3193,0.00015411,Naive3,L15037,4
L150552,1,0,0,1,1433,1863,3193,0.00015411,Naive3,L150552,1
L150587,2,1,1,0,1433,1863,3193,0.00030821,Naive1|Naive2,L150587,3
L150868,4,2,0,2,1433,1863,3193,0.00061643,Naive1|Naive3,L150868,3
L151380,10,4,2,4,1433,1863,3193,0.00154107,Naive1|Naive2|Naive3,L151380,4
L151909,1,0,1,0,1433,1863,3193,0.00015411,Naive2,L151909,1
L151921,1,0,0,1,1433,1863,3193,0.00015411,Naive3,L151921,2
L152330,4,4,0,0,1433,1863,3193,0.00061643,Naive1,L152330,3
L152456,1,0,0,1,1433,1863,3193,0.00015411,Naive3,L152456,4
L152572,3,1,1,1,1433,1863,3193,0.00046232,Naive1|Naive2|Naive3,L152572,3
L152903,25,9,3,13,1433,1863,3193,0.00385267,Naive1|Naive2|Naive3,L152903,2
L152911,1,1,0,0,1433,1863,3193,0.00015411,Naive1,L152911,4
L153469,9,4,0,5,1433,1863,3193,0.00138696,Naive1|Naive3,L153469,3
L153570,1,1,0,0,1433,1863,3193,0.00015411,Naive1,L153570,4
L15407,16,2,8,6,1433,1863,3193,0.00246571,Naive1|Naive2|Naive3,L15407,3
L154362,2,0,1,1,1433,1863,3193,0.00030821,Naive2|Naive3,L154362,2
L154401,6,1,3,2,1433,1863,3193,0.00092464,Naive1|Naive2|Naive3,L154401,3
L155295,1,0,1,0,1433,1863,3193,0.00015411,Naive2,L155295,4
L155592,1,0,1,0,1433,1863,3193,0.00015411,Naive2,L155592,3
L15582,1,0,0,1,1433,1863,3193,0.00015411,Naive3,L15582,1
L155963,9,2,3,4,1433,1863,3193,0.00138696,Naive1|Naive2|Naive3,L155963,0
L156142,2,0,0,2,1433,1863,3193,0.00030821,Naive3,L156142,4
L156620,1,0,1,0,1433,1863,3193,0.00015411,Naive2,L156620,2
L157880,1,0,0,1,1433,1863,3193,0.00015411,Naive3,L157880,2
L15809,13,6,3,4,1433,1863,3193,0.00200339,Naive1|Naive2|Naive3,L15809,2
L158461,1,0,0,1,1433,1863,3193,0.00015411,Naive3,L158461,4
L15899,1,0,0,1,1433,1863,3193,0.00015411,Naive3,L15899,3
L159186,1,0,1,0,1433,1863,3193,0.00015411,Naive2,L159186,3
L159393,3,0,2,1,1433,1863,3193,0.00046232,Naive2|Naive3,L159393,0
L159660,6,1,1,4,1433,1863,3193,0.00092464,Naive1|Naive2|Naive3,L159660,1
L159831,1,0,1,0,1433,1863,3193,0.00015411,Naive2,L159831,2
L16013,1,0,0,1,1433,1863,3193,0.00015411,Naive3,L16013,4
L160197,1,0,1,0,1433,1863,3193,0.00015411,Naive2,L160197,1
L160551,1,0,0,1,1433,1863,3193,0.00015411,Naive3,L160551,2
L160569,1,1,0,0,1433,1863,3193,0.00015411,Naive1,L160569,0
L160952,3,0,3,0,1433,1863,3193,0.00046232,Naive2,L160952,4
L161079,3,0,1,2,1433,1863,3193,0.00046232,Naive2|Naive3,L161079,2
L161593,1,0,1,0,1433,1863,3193,0.00015411,Naive2,L161593,2
L161723,2,0,0,2,1433,1863,3193,0.00030821,Naive3,L161723,0
L16178,10,1,2,7,1433,1863,3193,0.00154107,Naive1|Naive2|Naive3,L16178,0
L161943,3,0,1,2,1433,1863,3193,0.00046232,Naive2|Naive3,L161943,4
L161977,20,4,1,15,1433,1863,3193,0.00308214,Naive1|Naive2|Naive3,L161977,0
L162222,1,0,1,0,1433,1863,3193,0.00015411,Naive2,L162222,1
L162367,1,0,0,1,1433,1863,3193,0.00015411,Naive3,L162367,3
L16238,5,1,0,4,1433,1863,3193,0.00077053,Naive1|Naive3,L16238,3
L16242,3,0,0,3,1433,1863,3193,0.00046232,Naive3,L16242,1
L162604,13,3,3,7,1433,1863,3193,0.00200339,Naive1|Naive2|Naive3,L162604,0
L16294,5,1,1,3,1433,1863,3193,0.00077053,Naive1|Naive2|Naive3,L16294,1
L163387,1,0,0,1,1433,1863,3193,0.00015411,Naive3,L163387,3
L16358,1,0,0,1,1433,1863,3193,0.00015411,Naive3,L16358,2
L163616,1,0,0,1,1433,1863,3193,0.00015411,Naive3,L163616,2
L163721,1,0,0,1,1433,1863,3193,0.00015411,Naive3,L163721,1
L164293,1,0,1,0,1433,1863,3193,0.00015411,Naive2,L164293,4
L164299,1,0,1,0,1433,1863,3193,0.00015411,Naive2,L164299,4
L16438,11,5,0,6,1433,1863,3193,0.00169518,Naive1|Naive3,L16438,1
L164614,8,1,2,5,1433,1863,3193,0.00123286,Naive1|Naive2|Naive3,L164614,3
L164617,2,1,0,1,1433,1863,3193,0.00030821,Naive1|Naive3,L164617,1
L164771,20,2,7,11,1433,1863,3193,0.00308214,Naive1|Naive2|Naive3,L164771,2
L165027,3,0,0,3,1433,1863,3193,0.00046232,Naive3,L165027,0
L165042,5,2,0,3,1433,1863,3193,0.00077053,Naive1|Naive3,L165042,0
L165149,7,1,1,5,1433,1863,3193,0.00107875,Naive1|Naive2|Naive3,L165149,2
L165222,6,2,3,1,1433,1863,3193,0.00092464,Naive1|Naive2|Naive3,L165222,0
L165407,5,4,0,1,1433,1863,3193,0.00077053,Naive1|Naive3,L165407,1
L165643,2,0,0,2,1433,1863,3193,0.00030821,Naive3,L165643,0
L165826,5,2,1,2,1433,1863,3193,0.00077053,Naive1|Naive2|Naive3,L165826,1
L165861,4,1,2,1,1433,1863,3193,0.00061643,Naive1|Naive2|Naive3,L165861,4
L165929,7,2,4,1,1433,1863,3193,0.00107875,Naive1|Naive2|Naive3,L165929,3
L165958,1,0,0,1,1433,1863,3193,0.00015411,Naive3,L165958,2
L16603,8,4,4,0,1433,1863,3193,0.00123286,Naive1|Naive2,L16603,0
L166056,1,0,1,0,1433,1863,3193,0.00015411,Naive2,L166056,4
L166268,1,0,0,1,1433,1863,3193,0.00015411,Naive3,L166268,2
L166291,1,0,1,0,1433,1863,3193,0.00015411,Naive2,L166291,2
L166312,2,2,0,0,1433,1863,3193,0.00030821,Naive1,L166312,1
L166554,1,0,1,0,1433,1863,3193,0.00015411,Naive2,L166554,0
L166657,13,3,5,5,1433,1863,3193,0.00200339,Naive1|Naive2|Naive3,L166657,3
L166707,29,7,9,13,1433,1863,3193,0.0044691,Naive1|Naive2|Naive3,L166707,1
L167106,24,6,8,10,1433,1863,3193,0.00369857,Naive1|Naive2|Naive3,L167106,1
L167129,3,1,1,1,1433,1863,3193,0.00046232,Naive1|Naive2|Naive3,L167129,1
L167176,4,2,1,1,1433,1863,3193,0.00061643,Naive1|Naive2|Naive3,L167176,3
L16764,3,1,0,2,1433,1863,3193,0.00046232,Naive1|Naive3,L16764,4
L167670,5,0,0,5,1433,1863,3193,0.00077053,Naive3,L167670,2
L1679,2,0,1,1,1433,1863,3193,0.00030821,Naive2|Naive3,L1679,1
L167950,38,9,15,14,1433,1863,3193,0.00585606,Naive1|Naive2|Naive3,L167950,3
L167969,3,1,0,2,1433,1863,3193,0.00046232,Naive1|Naive3,L167969,1
L168572,3,3,0,0,1433,1863,3193,0.00046232,Naive1,L168572,3
L168584,1,0,1,0,1433,1863,3193,0.00015411,Naive2,L168584,4
L168675,1,0,0,1,1433,1863,3193,0.00015411,Naive3,L168675,1
L16871,4,0,1,3,1433,1863,3193,0.00061643,Naive2|Naive3,L16871,0
L168951,6,2,1,3,1433,1863,3193,0.00092464,Naive1|Naive2|Naive3,L168951,2
L169099,1,0,0,1,1433,1863,3193,0.00015411,Naive3,L169099,1
L169592,4,4,0,0,1433,1863,3193,0.00061643,Naive1,L169592,0
L169857,7,0,1,6,1433,1863,3193,0.00107875,Naive2|Naive3,L169857,1
L169881,1,0,1,0,1433,1863,3193,0.00015411,Naive2,L169881,3
L169888,1,0,0,1,1433,1863,3193,0.00015411,Naive3,L169888,2
L170436,3,1,0,2,1433,1863,3193,0.00046232,Naive1|Naive3,L170436,1
L170734,2,1,1,0,1433,1863,3193,0.00030821,Naive1|Naive2,L170734,4
L171615,1,1,0,0,1433,1863,3193,0.00015411,Naive1,L171615,0
L171625,1,0,0,1,1433,1863,3193,0.00015411,Naive3,L171625,4
L171792,1,1,0,0,1433,1863,3193,0.00015411,Naive1,L171792,2
L171852,1,1,0,0,1433,1863,3193,0.00015411,Naive1,L171852,4
L172050,1,0,0,1,1433,1863,3193,0.00015411,Naive3,L172050,2
L172542,7,1,4,2,1433,1863,3193,0.00107875,Naive1|Naive2|Naive3,L172542,2
L172601,3,0,1,2,1433,1863,3193,0.00046232,Naive2|Naive3,L172601,0
L172795,1,0,1,0,1433,1863,3193,0.00015411,Naive2,L172795,0
L172925,5,0,3,2,1433,1863,3193,0.00077053,Naive2|Naive3,L172925,1
L172946,3,1,1,1,1433,1863,3193,0.00046232,Naive1|Naive2|Naive3,L172946,1
L173031,18,3,6,9,1433,1863,3193,0.00277393,Naive1|Naive2|Naive3,L173031,0
L173168,2,0,0,2,1433,1863,3193,0.00030821,Naive3,L173168,1
L173296,80,24,18,38,1433,1863,3193,0.01232856,Naive1|Naive2|Naive3,L173296,1
L173303,2,0,0,2,1433,1863,3193,0.00030821,Naive3,L173303,0
L173547,1,1,0,0,1433,1863,3193,0.00015411,Naive1,L173547,0
L173735,1,0,0,1,1433,1863,3193,0.00015411,Naive3,L173735,2
L173885,3,0,1,2,1433,1863,3193,0.00046232,Naive2|Naive3,L173885,3
L173896,2,0,0,2,1433,1863,3193,0.00030821,Naive3,L173896,0
L174071,1,0,0,1,1433,1863,3193,0.00015411,Naive3,L174071,3
L17420,11,1,4,6,1433,1863,3193,0.00169518,Naive1|Naive2|Naive3,L17420,0
L174555,1,0,1,0,1433,1863,3193,0.00015411,Naive2,L174555,0
L174623,2,1,0,1,1433,1863,3193,0.00030821,Naive1|Naive3,L174623,0
L174664,3,0,2,1,1433,1863,3193,0.00046232,Naive2|Naive3,L174664,0
L175009,1,0,0,1,1433,1863,3193,0.00015411,Naive3,L175009,0
L175598,2,0,0,2,1433,1863,3193,0.00030821,Naive3,L175598,3
L176569,1,0,0,1,1433,1863,3193,0.00015411,Naive3,L176569,4
L176645,3,1,0,2,1433,1863,3193,0.00046232,Naive1|Naive3,L176645,0
L177039,1,0,0,1,1433,1863,3193,0.00015411,Naive3,L177039,3
L177128,19,5,2,12,1433,1863,3193,0.00292803,Naive1|Naive2|Naive3,L177128,3
L177238,1,0,0,1,1433,1863,3193,0.00015411,Naive3,L177238,4
L177252,1,0,0,1,1433,1863,3193,0.00015411,Naive3,L177252,2
L177271,1,1,0,0,1433,1863,3193,0.00015411,Naive1,L177271,0
L177312,1,1,0,0,1433,1863,3193,0.00015411,Naive1,L177312,1
L177336,1,0,0,1,1433,1863,3193,0.00015411,Naive3,L177336,4
L177375,6,2,1,3,1433,1863,3193,0.00092464,Naive1|Naive2|Naive3,L177375,3
L177976,1,0,1,0,1433,1863,3193,0.00015411,Naive2,L177976,2
L178651,11,1,5,5,1433,1863,3193,0.00169518,Naive1|Naive2|Naive3,L178651,1
L17873,16,1,7,8,1433,1863,3193,0.00246571,Naive1|Naive2|Naive3,L17873,0
L17895,2,1,1,0,1433,1863,3193,0.00030821,Naive1|Naive2,L17895,4
L17906,4,0,0,4,1433,1863,3193,0.00061643,Naive3,L17906,1
L179110,1,1,0,0,1433,1863,3193,0.00015411,Naive1,L179110,2
L179168,2,0,0,2,1433,1863,3193,0.00030821,Naive3,L179168,2
L17919,2,0,0,2,1433,1863,3193,0.00030821,Naive3,L17919,0
L179303,5,0,2,3,1433,1863,3193,0.00077053,Naive2|Naive3,L179303,3
L179382,1,0,0,1,1433,1863,3193,0.00015411,Naive3,L179382,0
L179445,7,0,7,0,1433,1863,3193,0.00107875,Naive2,L179445,0
L179636,5,1,2,2,1433,1863,3193,0.00077053,Naive1|Naive2|Naive3,L179636,1
L179761,1,0,0,1,1433,1863,3193,0.00015411,Naive3,L179761,2
L179846,2,1,0,1,1433,1863,3193,0.00030821,Naive1|Naive3,L179846,1
L180119,10,3,3,4,1433,1863,3193,0.00154107,Naive1|Naive2|Naive3,L180119,1
L180143,1,0,0,1,1433,1863,3193,0.00015411,Naive3,L180143,0
L181437,8,4,0,4,1433,1863,3193,0.00123286,Naive1|Naive3,L181437,0
L181765,1,1,0,0,1433,1863,3193,0.00015411,Naive1,L181765,4
L182194,4,1,2,1,1433,1863,3193,0.00061643,Naive1|Naive2|Naive3,L182194,2
L183297,1,0,0,1,1433,1863,3193,0.00015411,Naive3,L183297,4
L183358,15,7,1,7,1433,1863,3193,0.0023116,Naive1|Naive2|Naive3,L183358,0
L183531,3,1,0,2,1433,1863,3193,0.00046232,Naive1|Naive3,L183531,2
L183654,39,9,11,19,1433,1863,3193,0.00601017,Naive1|Naive2|Naive3,L183654,3
L18366,3,2,0,1,1433,1863,3193,0.00046232,Naive1|Naive3,L18366,1
L183665,3,1,2,0,1433,1863,3193,0.00046232,Naive1|Naive2,L183665,2
L183696,1,0,1,0,1433,1863,3193,0.00015411,Naive2,L183696,3
L18385,1,0,1,0,1433,1863,3193,0.00015411,Naive2,L18385,4
L183961,1,0,0,1,1433,1863,3193,0.00015411,Naive3,L183961,0
L184246,2,1,0,1,1433,1863,3193,0.00030821,Naive1|Naive3,L184246,4
L184957,1,0,0,1,1433,1863,3193,0.00015411,Naive3,L184957,1
L185195,8,4,1,3,1433,1863,3193,0.00123286,Naive1|Naive2|Naive3,L185195,1
L185210,1,0,1,0,1433,1863,3193,0.00015411,Naive2,L185210,2
L185259,9,3,1,5,1433,1863,3193,0.00138696,Naive1|Naive2|Naive3,L185259,1
L185317,1,0,0,1,1433,1863,3193,0.00015411,Naive3,L185317,4
L185721,1,0,0,1,1433,1863,3193,0.00015411,Naive3,L185721,2
L185762,4,0,1,3,1433,1863,3193,0.00061643,Naive2|Naive3,L185762,1
L18598,1,0,0,1,1433,1863,3193,0.00015411,Naive3,L18598,0
L186030,1,0,0,1,1433,1863,3193,0.00015411,Naive3,L186030,0
L186064,1,0,0,1,1433,1863,3193,0.00015411,Naive3,L186064,3
L186861,3,1,0,2,1433,1863,3193,0.00046232,Naive1|Naive3,L186861,1
L186916,1,0,0,1,1433,1863,3193,0.00015411,Naive3,L186916,1
L186949,1,0,1,0,1433,1863,3193,0.00015411,Naive2,L186949,2
L187096,19,3,7,9,1433,1863,3193,0.00292803,Naive1|Naive2|Naive3,L187096,2
L187200,2,0,1,1,1433,1863,3193,0.00030821,Naive2|Naive3,L187200,0
L187340,1,1,0,0,1433,1863,3193,0.00015411,Naive1,L187340,4
L187689,1,0,0,1,1433,1863,3193,0.00015411,Naive3,L187689,2
L187885,31,4,8,19,1433,1863,3193,0.00477732,Naive1|Naive2|Naive3,L187885,0
L187905,1,0,1,0,1433,1863,3193,0.00015411,Naive2,L187905,0
L188027,10,2,4,4,1433,1863,3193,0.00154107,Naive1|Naive2|Naive3,L188027,1
L188153,5,2,2,1,1433,1863,3193,0.00077053,Naive1|Naive2|Naive3,L188153,3
L188533,1,0,0,1,1433,1863,3193,0.00015411,Naive3,L188533,4
L188546,1,0,0,1,1433,1863,3193,0.00015411,Naive3,L188546,1
L188846,2,0,1,1,1433,1863,3193,0.00030821,Naive2|Naive3,L188846,4
L189320,3,0,0,3,1433,1863,3193,0.00046232,Naive3,L189320,0
L189345,12,0,8,4,1433,1863,3193,0.00184928,Naive2|Naive3,L189345,1
L189778,1,0,0,1,1433,1863,3193,0.00015411,Naive3,L189778,2
L190318,12,3,4,5,1433,1863,3193,0.00184928,Naive1|Naive2|Naive3,L190318,2
L190678,3,0,2,1,1433,1863,3193,0.00046232,Naive2|Naive3,L190678,0
L190825,1,0,1,0,1433,1863,3193,0.00015411,Naive2,L190825,1
L190835,4,0,1,3,1433,1863,3193,0.00061643,Naive2|Naive3,L190835,3
L190863,3,1,0,2,1433,1863,3193,0.00046232,Naive1|Naive3,L190863,1
L191293,7,3,1,3,1433,1863,3193,0.00107875,Naive1|Naive2|Naive3,L191293,2
L191369,1,0,0,1,1433,1863,3193,0.00015411,Naive3,L191369,4
L191539,5,1,4,0,1433,1863,3193,0.00077053,Naive1|Naive2,L191539,3
L192225,4,0,2,2,1433,1863,3193,0.00061643,Naive2|Naive3,L192225,0
L192342,4,0,1,3,1433,1863,3193,0.00061643,Naive2|Naive3,L192342,4
L19237,3,2,0,1,1433,1863,3193,0.00046232,Naive1|Naive3,L19237,0
L192380,2,0,2,0,1433,1863,3193,0.00030821,Naive2,L192380,4
L192531,10,3,2,5,1433,1863,3193,0.00154107,Naive1|Naive2|Naive3,L192531,1
L192615,4,1,0,3,1433,1863,3193,0.00061643,Naive1|Naive3,L192615,2
L192716,1,1,0,0,1433,1863,3193,0.00015411,Naive1,L192716,2
L192964,2,1,0,1,1433,1863,3193,0.00030821,Naive1|Naive3,L192964,0
L193,1,0,1,0,1433,1863,3193,0.00015411,Naive2,L193,4
L193060,4,0,1,3,1433,1863,3193,0.00061643,Naive2|Naive3,L193060,0
L193176,2,0,1,1,1433,1863,3193,0.00030821,Naive2|Naive3,L193176,1
L193296,2,0,1,1,1433,1863,3193,0.00030821,Naive2|Naive3,L193296,2
L193373,4,2,0,2,1433,1863,3193,0.00061643,Naive1|Naive3,L193373,2
L193808,1,0,0,1,1433,1863,3193,0.00015411,Naive3,L193808,0
L194064,2,0,1,1,1433,1863,3193,0.00030821,Naive2|Naive3,L194064,1
L194069,3,0,0,3,1433,1863,3193,0.00046232,Naive3,L194069,2
L194164,1,0,1,0,1433,1863,3193,0.00015411,Naive2,L194164,2
L194420,1,0,0,1,1433,1863,3193,0.00015411,Naive3,L194420,1
L194820,1,1,0,0,1433,1863,3193,0.00015411,Naive1,L194820,2
L19489,19,5,6,8,1433,1863,3193,0.00292803,Naive1|Naive2|Naive3,L19489,0
L195450,3,0,1,2,1433,1863,3193,0.00046232,Naive2|Naive3,L195450,0
L195483,7,1,1,5,1433,1863,3193,0.00107875,Naive1|Naive2|Naive3,L195483,2
L195677,3,2,0,1,1433,1863,3193,0.00046232,Naive1|Naive3,L195677,0
L195812,2,0,0,2,1433,1863,3193,0.00030821,Naive3,L195812,3
L195943,2,0,1,1,1433,1863,3193,0.00030821,Naive2|Naive3,L195943,3
L196307,1,1,0,0,1433,1863,3193,0.00015411,Naive1,L196307,3
L196331,1,0,0,1,1433,1863,3193,0.00015411,Naive3,L196331,1
L196405,6,2,1,3,1433,1863,3193,0.00092464,Naive1|Naive2|Naive3,L196405,1
L196691,3,0,0,3,1433,1863,3193,0.00046232,Naive3,L196691,2
L196731,2,2,0,0,1433,1863,3193,0.00030821,Naive1,L196731,4
L196945,2,0,0,2,1433,1863,3193,0.00030821,Naive3,L196945,0
L19695,1,0,0,1,1433,1863,3193,0.00015411,Naive3,L19695,4
L196980,35,13,5,17,1433,1863,3193,0.00539374,Naive1|Naive2|Naive3,L196980,3
L197013,1,0,1,0,1433,1863,3193,0.00015411,Naive2,L197013,1
L197414,13,1,4,8,1433,1863,3193,0.00200339,Naive1|Naive2|Naive3,L197414,1
L197628,1,0,1,0,1433,1863,3193,0.00015411,Naive2,L197628,3
L197845,2,0,1,1,1433,1863,3193,0.00030821,Naive2|Naive3,L197845,1
L197925,3,1,1,1,1433,1863,3193,0.00046232,Naive1|Naive2|Naive3,L197925,0
L198322,8,1,2,5,1433,1863,3193,0.00123286,Naive1|Naive2|Naive3,L198322,3
L198433,4,0,0,4,1433,1863,3193,0.00061643,Naive3,L198433,3
L198763,1,0,1,0,1433,1863,3193,0.00015411,Naive2,L198763,3
L198915,2,0,0,2,1433,1863,3193,0.00030821,Naive3,L198915,1
L199024,17,5,7,5,1433,1863,3193,0.00261982,Naive1|Naive2|Naive3,L199024,0
L199313,1,1,0,0,1433,1863,3193,0.00015411,Naive1,L199313,2
L199560,1,0,1,0,1433,1863,3193,0.00015411,Naive2,L199560,3
L199957,1,0,1,0,1433,1863,3193,0.00015411,Naive2,L199957,4
L200066,2,0,1,1,1433,1863,3193,0.00030821,Naive2|Naive3,L200066,1
L200082,1,0,0,1,1433,1863,3193,0.00015411,Naive3,L200082,2
L200891,1,0,0,1,1433,1863,3193,0.00015411,Naive3,L200891,2
L20109,2,0,0,2,1433,1863,3193,0.00030821,Naive3,L20109,1
L202367,1,0,0,1,1433,1863,3193,0.00015411,Naive3,L202367,1
L202432,1,0,0,1,1433,1863,3193,0.00015411,Naive3,L202432,4
L202454,1,0,0,1,1433,1863,3193,0.00015411,Naive3,L202454,4
L202607,1,1,0,0,1433,1863,3193,0.00015411,Naive1,L202607,0
L202688,2,0,0,2,1433,1863,3193,0.00030821,Naive3,L202688,1
L202775,6,1,1,4,1433,1863,3193,0.00092464,Naive1|Naive2|Naive3,L202775,0
L202878,1,0,1,0,1433,1863,3193,0.00015411,Naive2,L202878,0
L203095,2,0,1,1,1433,1863,3193,0.00030821,Naive2|Naive3,L203095,1
L204032,4,2,1,1,1433,1863,3193,0.00061643,Naive1|Naive2|Naive3,L204032,4
L204050,1,0,0,1,1433,1863,3193,0.00015411,Naive3,L204050,0
L204112,7,2,2,3,1433,1863,3193,0.00107875,Naive1|Naive2|Naive3,L204112,1
L204257,1,0,1,0,1433,1863,3193,0.00015411,Naive2,L204257,1
L204285,17,6,3,8,1433,1863,3193,0.00261982,Naive1|Naive2|Naive3,L204285,3
L204366,3,0,0,3,1433,1863,3193,0.00046232,Naive3,L204366,3
L204569,2,1,0,1,1433,1863,3193,0.00030821,Naive1|Naive3,L204569,1
L205259,2,0,0,2,1433,1863,3193,0.00030821,Naive3,L205259,0
L205394,3,0,1,2,1433,1863,3193,0.00046232,Naive2|Naive3,L205394,0
L205402,4,1,1,2,1433,1863,3193,0.00061643,Naive1|Naive2|Naive3,L205402,2
L205528,1,0,1,0,1433,1863,3193,0.00015411,Naive2,L205528,1
L205642,1,1,0,0,1433,1863,3193,0.00015411,Naive1,L205642,0
L205676,9,4,3,2,1433,1863,3193,0.00138696,Naive1|Naive2|Naive3,L205676,0
L20571,6,1,1,4,1433,1863,3193,0.00092464,Naive1|Naive2|Naive3,L20571,4
L20588,2,0,2,0,1433,1863,3193,0.00030821,Naive2,L20588,3
L206297,5,1,0,4,1433,1863,3193,0.00077053,Naive1|Naive3,L206297,0
L20635,2,1,0,1,1433,1863,3193,0.00030821,Naive1|Naive3,L20635,1
L206384,7,0,4,3,1433,1863,3193,0.00107875,Naive2|Naive3,L206384,3
L206761,12,2,6,4,1433,1863,3193,0.00184928,Naive1|Naive2|Naive3,L206761,0
L207012,2,1,0,1,1433,1863,3193,0.00030821,Naive1|Naive3,L207012,4
L207711,6,2,0,4,1433,1863,3193,0.00092464,Naive1|Naive3,L207711,0
L208068,2,0,1,1,1433,1863,3193,0.00030821,Naive2|Naive3,L208068,4
L208093,1,1,0,0,1433,1863,3193,0.00015411,Naive1,L208093,1
L208166,1,0,0,1,1433,1863,3193,0.00015411,Naive3,L208166,4
L20830,1,0,0,1,1433,1863,3193,0.00015411,Naive3,L20830,1
L208666,1,0,0,1,1433,1863,3193,0.00015411,Naive3,L208666,4
L208973,2,0,2,0,1433,1863,3193,0.00030821,Naive2,L208973,1
L209054,4,1,1,2,1433,1863,3193,0.00061643,Naive1|Naive2|Naive3,L209054,4
L209225,1,0,0,1,1433,1863,3193,0.00015411,Naive3,L209225,1
L209664,1,0,0,1,1433,1863,3193,0.00015411,Naive3,L209664,4
L210001,2,0,2,0,1433,1863,3193,0.00030821,Naive2,L210001,4
L210014,1,0,0,1,1433,1863,3193,0.00015411,Naive3,L210014,3
L210267,1,0,0,1,1433,1863,3193,0.00015411,Naive3,L210267,0
L210269,1,0,0,1,1433,1863,3193,0.00015411,Naive3,L210269,2
L210499,7,0,2,5,1433,1863,3193,0.00107875,Naive2|Naive3,L210499,1
L210749,13,2,2,9,1433,1863,3193,0.00200339,Naive1|Naive2|Naive3,L210749,2
L210870,1,1,0,0,1433,1863,3193,0.00015411,Naive1,L210870,2
L210876,2,1,0,1,1433,1863,3193,0.00030821,Naive1|Naive3,L210876,2
L210992,3,0,1,2,1433,1863,3193,0.00046232,Naive2|Naive3,L210992,1
L211180,6,3,1,2,1433,1863,3193,0.00092464,Naive1|Naive2|Naive3,L211180,0
L21123,2,1,0,1,1433,1863,3193,0.00030821,Naive1|Naive3,L21123,1
L211252,1,0,1,0,1433,1863,3193,0.00015411,Naive2,L211252,2
L211480,1,1,0,0,1433,1863,3193,0.00015411,Naive1,L211480,4
L211555,1,0,0,1,1433,1863,3193,0.00015411,Naive3,L211555,3
L211568,1,0,1,0,1433,1863,3193,0.00015411,Naive2,L211568,3
L21177,5,2,1,2,1433,1863,3193,0.00077053,Naive1|Naive2|Naive3,L21177,0
L211832,1,1,0,0,1433,1863,3193,0.00015411,Naive1,L211832,4
L211840,5,1,1,3,1433,1863,3193,0.00077053,Naive1|Naive2|Naive3,L211840,1
L212182,2,0,0,2,1433,1863,3193,0.00030821,Naive3,L212182,3
L212210,8,0,5,3,1433,1863,3193,0.00123286,Naive2|Naive3,L212210,2
L212295,1,1,0,0,1433,1863,3193,0.00015411,Naive1,L212295,0
L212390,1,1,0,0,1433,1863,3193,0.00015411,Naive1,L212390,0
L212486,1,0,1,0,1433,1863,3193,0.00015411,Naive2,L212486,4
L212617,9,1,3,5,1433,1863,3193,0.00138696,Naive1|Naive2|Naive3,L212617,1
L212632,1,0,0,1,1433,1863,3193,0.00015411,Naive3,L212632,0
L212764,1,0,1,0,1433,1863,3193,0.00015411,Naive2,L212764,1
L212929,16,3,7,6,1433,1863,3193,0.00246571,Naive1|Naive2|Naive3,L212929,4
L213774,1,0,0,1,1433,1863,3193,0.00015411,Naive3,L213774,0
L213816,1,0,0,1,1433,1863,3193,0.00015411,Naive3,L213816,3
L213986,4,0,1,3,1433,1863,3193,0.00061643,Naive2|Naive3,L213986,3
L214021,4,1,0,3,1433,1863,3193,0.00061643,Naive1|Naive3,L214021,2
L214973,22,6,9,7,1433,1863,3193,0.00339035,Naive1|Naive2|Naive3,L214973,2
L215117,1,1,0,0,1433,1863,3193,0.00015411,Naive1,L215117,0
L215362,2,2,0,0,1433,1863,3193,0.00030821,Naive1,L215362,2
L215374,1,0,0,1,1433,1863,3193,0.00015411,Naive3,L215374,3
L215425,1,0,0,1,1433,1863,3193,0.00015411,Naive3,L215425,4
L215992,5,1,1,3,1433,1863,3193,0.00077053,Naive1|Naive2|Naive3,L215992,0
L216346,6,3,1,2,1433,1863,3193,0.00092464,Naive1|Naive2|Naive3,L216346,3
L216554,1,0,0,1,1433,1863,3193,0.00015411,Naive3,L216554,2
L216702,21,5,6,10,1433,1863,3193,0.00323625,Naive1|Naive2|Naive3,L216702,2
L217032,3,1,0,2,1433,1863,3193,0.00046232,Naive1|Naive3,L217032,0
L21716,3,0,3,0,1433,1863,3193,0.00046232,Naive2,L21716,4
L217371,3,1,1,1,1433,1863,3193,0.00046232,Naive1|Naive2|Naive3,L217371,2
L217518,1,0,1,0,1433,1863,3193,0.00015411,Naive2,L217518,3
L217633,1,0,1,0,1433,1863,3193,0.00015411,Naive2,L217633,2
L21782,5,0,2,3,1433,1863,3193,0.00077053,Naive2|Naive3,L21782,2
L218039,1,0,0,1,1433,1863,3193,0.00015411,Naive3,L218039,1
L218300,3,1,1,1,1433,1863,3193,0.00046232,Naive1|Naive2|Naive3,L218300,0
L218518,6,0,0,6,1433,1863,3193,0.00092464,Naive3,L218518,2
L219307,78,19,24,35,1433,1863,3193,0.01202034,Naive1|Naive2|Naive3,L219307,3
L21964,1,0,0,1,1433,1863,3193,0.00015411,Naive3,L21964,2
L220288,1,1,0,0,1433,1863,3193,0.00015411,Naive1,L220288,4
L220437,1,0,0,1,1433,1863,3193,0.00015411,Naive3,L220437,4
L220469,1,0,1,0,1433,1863,3193,0.00015411,Naive2,L220469,0
L220884,1,1,0,0,1433,1863,3193,0.00015411,Naive1,L220884,2
L22093,2,0,0,2,1433,1863,3193,0.00030821,Naive3,L22093,4
L221726,3,1,2,0,1433,1863,3193,0.00046232,Naive1|Naive2,L221726,1
L221983,4,1,1,2,1433,1863,3193,0.00061643,Naive1|Naive2|Naive3,L221983,3
L222674,1,0,1,0,1433,1863,3193,0.00015411,Naive2,L222674,1
L22281,1,0,0,1,1433,1863,3193,0.00015411,Naive3,L22281,0
L222867,24,6,7,11,1433,1863,3193,0.00369857,Naive1|Naive2|Naive3,L222867,4
L223068,23,7,4,12,1433,1863,3193,0.00354446,Naive1|Naive2|Naive3,L223068,0
L223157,2,0,0,2,1433,1863,3193,0.00030821,Naive3,L223157,0
L22366,4,0,1,3,1433,1863,3193,0.00061643,Naive2|Naive3,L22366,2
L223841,1,0,1,0,1433,1863,3193,0.00015411,Naive2,L223841,1
L223859,2,1,0,1,1433,1863,3193,0.00030821,Naive1|Naive3,L223859,1
L223983,2,0,0,2,1433,1863,3193,0.00030821,Naive3,L223983,3
L224160,1,0,0,1,1433,1863,3193,0.00015411,Naive3,L224160,4
L22426,1,0,0,1,1433,1863,3193,0.00015411,Naive3,L22426,0
L224455,1,0,1,0,1433,1863,3193,0.00015411,Naive2,L224455,0
L22481,1,0,0,1,1433,1863,3193,0.00015411,Naive3,L22481,1
L224816,12,3,4,5,1433,1863,3193,0.00184928,Naive1|Naive2|Naive3,L224816,2
L224895,2,1,0,1,1433,1863,3193,0.00030821,Naive1|Naive3,L224895,4
L225616,2,0,2,0,1433,1863,3193,0.00030821,Naive2,L225616,2
L22635,1,0,1,0,1433,1863,3193,0.00015411,Naive2,L22635,3
L227050,6,0,1,5,1433,1863,3193,0.00092464,Naive2|Naive3,L227050,3
L227315,1,0,1,0,1433,1863,3193,0.00015411,Naive2,L227315,2
L227359,16,7,6,3,1433,1863,3193,0.00246571,Naive1|Naive2|Naive3,L227359,0
L22744,3,0,2,1,1433,1863,3193,0.00046232,Naive2|Naive3,L22744,4
L227502,9,3,2,4,1433,1863,3193,0.00138696,Naive1|Naive2|Naive3,L227502,2
L227671,2,0,1,1,1433,1863,3193,0.00030821,Naive2|Naive3,L227671,2
L227801,1,0,0,1,1433,1863,3193,0.00015411,Naive3,L227801,4
L227975,8,3,2,3,1433,1863,3193,0.00123286,Naive1|Naive2|Naive3,L227975,1
L22805,1,0,1,0,1433,1863,3193,0.00015411,Naive2,L22805,0
L228088,3,0,0,3,1433,1863,3193,0.00046232,Naive3,L228088,1
L228182,8,1,4,3,1433,1863,3193,0.00123286,Naive1|Naive2|Naive3,L228182,0
L228345,1,0,0,1,1433,1863,3193,0.00015411,Naive3,L228345,2
L228412,1,0,1,0,1433,1863,3193,0.00015411,Naive2,L228412,4
L228798,1,0,0,1,1433,1863,3193,0.00015411,Naive3,L228798,0
L229019,2,1,0,1,1433,1863,3193,0.00030821,Naive1|Naive3,L229019,0
L229064,1,1,0,0,1433,1863,3193,0.00015411,Naive1,L229064,4
L229096,6,3,1,2,1433,1863,3193,0.00092464,Naive1|Naive2|Naive3,L229096,4
L229114,1,1,0,0,1433,1863,3193,0.00015411,Naive1,L229114,2
L229177,1,0,1,0,1433,1863,3193,0.00015411,Naive2,L229177,1
L229269,7,2,2,3,1433,1863,3193,0.00107875,Naive1|Naive2|Naive3,L229269,2
L229494,7,3,0,4,1433,1863,3193,0.00107875,Naive1|Naive3,L229494,1
L229764,2,1,0,1,1433,1863,3193,0.00030821,Naive1|Naive3,L229764,2
L229874,31,9,7,15,1433,1863,3193,0.00477732,Naive1|Naive2|Naive3,L229874,1
L23022,3,2,0,1,1433,1863,3193,0.00046232,Naive1|Naive3,L23022,1
L230229,1,0,1,0,1433,1863,3193,0.00015411,Naive2,L230229,3
L230614,1,0,1,0,1433,1863,3193,0.00015411,Naive2,L230614,1
L23071,2,0,0,2,1433,1863,3193,0.00030821,Naive3,L23071,4
L230913,25,3,8,14,1433,1863,3193,0.00385267,Naive1|Naive2|Naive3,L230913,1
L231007,25,11,4,10,1433,1863,3193,0.00385267,Naive1|Naive2|Naive3,L231007,2
L231021,1,0,0,1,1433,1863,3193,0.00015411,Naive3,L231021,1
L23111,3,0,2,1,1433,1863,3193,0.00046232,Naive2|Naive3,L23111,1
L231119,1,1,0,0,1433,1863,3193,0.00015411,Naive1,L231119,1
L23121,9,3,4,2,1433,1863,3193,0.00138696,Naive1|Naive2|Naive3,L23121,1
L231446,7,1,4,2,1433,1863,3193,0.00107875,Naive1|Naive2|Naive3,L231446,0
L231474,4,1,2,1,1433,1863,3193,0.00061643,Naive1|Naive2|Naive3,L231474,0
L231623,11,4,1,6,1433,1863,3193,0.00169518,Naive1|Naive2|Naive3,L231623,3
L232125,16,1,8,7,1433,1863,3193,0.00246571,Naive1|Naive2|Naive3,L232125,0
L232639,1,0,1,0,1433,1863,3193,0.00015411,Naive2,L232639,2
L232813,2,0,0,2,1433,1863,3193,0.00030821,Naive3,L232813,1
L232959,1,0,1,0,1433,1863,3193,0.00015411,Naive2,L232959,4
L233157,1,1,0,0,1433,1863,3193,0.00015411,Naive1,L233157,1
L233176,6,0,2,4,1433,1863,3193,0.00092464,Naive2|Naive3,L233176,0
L233461,3,0,1,2,1433,1863,3193,0.00046232,Naive2|Naive3,L233461,4
L234026,1,0,0,1,1433,1863,3193,0.00015411,Naive3,L234026,4
L234209,1,0,0,1,1433,1863,3193,0.00015411,Naive3,L234209,4
L234444,10,1,5,4,1433,1863,3193,0.00154107,Naive1|Naive2|Naive3,L234444,3
L235372,2,0,1,1,1433,1863,3193,0.00030821,Naive2|Naive3,L235372,1
L235421,2,0,0,2,1433,1863,3193,0.00030821,Naive3,L235421,3
L23580,1,0,0,1,1433,1863,3193,0.00015411,Naive3,L23580,4
L235874,1,0,1,0,1433,1863,3193,0.00015411,Naive2,L235874,0
L236809,4,2,1,1,1433,1863,3193,0.00061643,Naive1|Naive2|Naive3,L236809,4
L236978,1,0,0,1,1433,1863,3193,0.00015411,Naive3,L236978,2
L237062,1,0,1,0,1433,1863,3193,0.00015411,Naive2,L237062,1
L237845,8,4,2,2,1433,1863,3193,0.00123286,Naive1|Naive2|Naive3,L237845,2
L238041,1,0,0,1,1433,1863,3193,0.00015411,Naive3,L238041,4
L238414,1,0,0,1,1433,1863,3193,0.00015411,Naive3,L238414,0
L23858,19,2,8,9,1433,1863,3193,0.00292803,Naive1|Naive2|Naive3,L23858,1
L238644,2,0,0,2,1433,1863,3193,0.00030821,Naive3,L238644,4
L239119,8,3,3,2,1433,1863,3193,0.00123286,Naive1|Naive2|Naive3,L239119,4
L239190,2,0,0,2,1433,1863,3193,0.00030821,Naive3,L239190,1
L239194,1,0,0,1,1433,1863,3193,0.00015411,Naive3,L239194,0
L239228,60,8,22,30,1433,1863,3193,0.00924642,Naive1|Naive2|Naive3,L239228,2
L239393,1,0,1,0,1433,1863,3193,0.00015411,Naive2,L239393,3
L239858,2,0,1,1,1433,1863,3193,0.00030821,Naive2|Naive3,L239858,4
L239907,1,0,1,0,1433,1863,3193,0.00015411,Naive2,L239907,0
L240104,5,1,0,4,1433,1863,3193,0.00077053,Naive1|Naive3,L240104,3
L240177,3,0,1,2,1433,1863,3193,0.00046232,Naive2|Naive3,L240177,2
L240450,14,3,1,10,1433,1863,3193,0.0021575,Naive1|Naive2|Naive3,L240450,2
L240627,1,1,0,0,1433,1863,3193,0.00015411,Naive1,L240627,1
L240628,2,0,1,1,1433,1863,3193,0.00030821,Naive2|Naive3,L240628,1
L240738,1,0,0,1,1433,1863,3193,0.00015411,Naive3,L240738,4
L240741,1,1,0,0,1433,1863,3193,0.00015411,Naive1,L240741,3
L240953,1,1,0,0,1433,1863,3193,0.00015411,Naive1,L240953,1
L241262,3,3,0,0,1433,1863,3193,0.00046232,Naive1,L241262,3
L241540,19,4,8,7,1433,1863,3193,0.00292803,Naive1|Naive2|Naive3,L241540,2
L241549,8,0,3,5,1433,1863,3193,0.00123286,Naive2|Naive3,L241549,3
L242090,2,0,1,1,1433,1863,3193,0.00030821,Naive2|Naive3,L242090,1
L242237,8,1,4,3,1433,1863,3193,0.00123286,Naive1|Naive2|Naive3,L242237,4
L242413,6,1,3,2,1433,1863,3193,0.00092464,Naive1|Naive2|Naive3,L242413,0
L242834,6,1,1,4,1433,1863,3193,0.00092464,Naive1|Naive2|Naive3,L242834,4
L242935,1,1,0,0,1433,1863,3193,0.00015411,Naive1,L242935,0
L242990,1,0,0,1,1433,1863,3193,0.00015411,Naive3,L242990,1
L244174,2,1,0,1,1433,1863,3193,0.00030821,Naive1|Naive3,L244174,3
L24429,5,0,3,2,1433,1863,3193,0.00077053,Naive2|Naive3,L24429,4
L244352,1,0,1,0,1433,1863,3193,0.00015411,Naive2,L244352,4
L244486,1,0,1,0,1433,1863,3193,0.00015411,Naive2,L244486,2
L244685,1,0,0,1,1433,1863,3193,0.00015411,Naive3,L244685,3
L244706,14,3,6,5,1433,1863,3193,0.0021575,Naive1|Naive2|Naive3,L244706,4
L244886,31,11,8,12,1433,1863,3193,0.00477732,Naive1|Naive2|Naive3,L244886,4
L244940,2,1,1,0,1433,1863,3193,0.00030821,Naive1|Naive2,L244940,0
L245078,5,3,0,2,1433,1863,3193,0.00077053,Naive1|Naive3,L245078,3
L245624,1,0,0,1,1433,1863,3193,0.00015411,Naive3,L245624,3
L246037,10,1,1,8,1433,1863,3193,0.00154107,Naive1|Naive2|Naive3,L246037,2
L246311,1,0,0,1,1433,1863,3193,0.00015411,Naive3,L246311,3
L246615,3,1,1,1,1433,1863,3193,0.00046232,Naive1|Naive2|Naive3,L246615,0
L246665,2,0,1,1,1433,1863,3193,0.00030821,Naive2|Naive3,L246665,4
L246708,1,0,0,1,1433,1863,3193,0.00015411,Naive3,L246708,1
L247066,7,2,2,3,1433,1863,3193,0.00107875,Naive1|Naive2|Naive3,L247066,2
L24713,1,0,1,0,1433,1863,3193,0.00015411,Naive2,L24713,2
L247317,2,0,1,1,1433,1863,3193,0.00030821,Naive2|Naive3,L247317,0
L247405,5,0,3,2,1433,1863,3193,0.00077053,Naive2|Naive3,L247405,0
L247781,2,1,0,1,1433,1863,3193,0.00030821,Naive1|Naive3,L247781,2
L247859,1,1,0,0,1433,1863,3193,0.00015411,Naive1,L247859,0
L247904,1,1,0,0,1433,1863,3193,0.00015411,Naive1,L247904,4
L247990,8,1,6,1,1433,1863,3193,0.00123286,Naive1|Naive2|Naive3,L247990,0
L248375,4,0,2,2,1433,1863,3193,0.00061643,Naive2|Naive3,L248375,2
L248468,1,0,0,1,1433,1863,3193,0.00015411,Naive3,L248468,3
L248720,1,0,1,0,1433,1863,3193,0.00015411,Naive2,L248720,2
L24904,1,0,1,0,1433,1863,3193,0.00015411,Naive2,L24904,2
L249292,6,0,1,5,1433,1863,3193,0.00092464,Naive2|Naive3,L249292,3
L249301,1,0,1,0,1433,1863,3193,0.00015411,Naive2,L249301,4
L249378,6,2,3,1,1433,1863,3193,0.00092464,Naive1|Naive2|Naive3,L249378,4
L249999,18,5,4,9,1433,1863,3193,0.00277393,Naive1|Naive2|Naive3,L249999,3
L250048,3,0,1,2,1433,1863,3193,0.00046232,Naive2|Naive3,L250048,2
L25042,6,1,0,5,1433,1863,3193,0.00092464,Naive1|Naive3,L25042,4
L250608,1,1,0,0,1433,1863,3193,0.00015411,Naive1,L250608,2
L25093,2,1,0,1,1433,1863,3193,0.00030821,Naive1|Naive3,L25093,4
L251298,1,0,0,1,1433,1863,3193,0.00015411,Naive3,L251298,1
L251300,1,1,0,0,1433,1863,3193,0.00015411,Naive1,L251300,3
L25167,3,0,2,1,1433,1863,3193,0.00046232,Naive2|Naive3,L25167,0
L251680,6,0,2,4,1433,1863,3193,0.00092464,Naive2|Naive3,L251680,3
L251719,23,5,10,8,1433,1863,3193,0.00354446,Naive1|Naive2|Naive3,L251719,2
L251893,4,0,2,2,1433,1863,3193,0.00061643,Naive2|Naive3,L251893,2
L252275,9,1,5,3,1433,1863,3193,0.00138696,Naive1|Naive2|Naive3,L252275,0
L252321,16,4,3,9,1433,1863,3193,0.00246571,Naive1|Naive2|Naive3,L252321,2
L252770,1,0,0,1,1433,1863,3193,0.00015411,Naive3,L252770,4
L253198,5,1,4,0,1433,1863,3193,0.00077053,Naive1|Naive2,L253198,0
L253300,4,0,1,3,1433,1863,3193,0.00061643,Naive2|Naive3,L253300,2
L25334,2,0,0,2,1433,1863,3193,0.00030821,Naive3,L25334,3
L253916,1,0,1,0,1433,1863,3193,0.00015411,Naive2,L253916,1
L254234,3,0,0,3,1433,1863,3193,0.00046232,Naive3,L254234,3
L254373,5,0,1,4,1433,1863,3193,0.00077053,Naive2|Naive3,L254373,4
L254701,1,0,1,0,1433,1863,3193,0.00015411,Naive2,L254701,1
L254794,1,0,1,0,1433,1863,3193,0.00015411,Naive2,L254794,1
L254958,2,0,1,1,1433,1863,3193,0.00030821,Naive2|Naive3,L254958,1
L255104,2,0,0,2,1433,1863,3193,0.00030821,Naive3,L255104,3
L25515,4,2,0,2,1433,1863,3193,0.00061643,Naive1|Naive3,L25515,1
L255305,2,1,0,1,1433,1863,3193,0.00030821,Naive1|Naive3,L255305,2
L255407,1,0,1,0,1433,1863,3193,0.00015411,Naive2,L255407,3
L255411,1,1,0,0,1433,1863,3193,0.00015411,Naive1,L255411,2
L255751,2,0,0,2,1433,1863,3193,0.00030821,Naive3,L255751,0
L256320,1,0,0,1,1433,1863,3193,0.00015411,Naive3,L256320,0
L256449,1,0,1,0,1433,1863,3193,0.00015411,Naive2,L256449,2
L257082,12,2,1,9,1433,1863,3193,0.00184928,Naive1|Naive2|Naive3,L257082,1
L257154,32,8,11,13,1433,1863,3193,0.00493142,Naive1|Naive2|Naive3,L257154,4
L257749,1,0,0,1,1433,1863,3193,0.00015411,Naive3,L257749,0
L258435,1,0,0,1,1433,1863,3193,0.00015411,Naive3,L258435,2
L258506,1,0,1,0,1433,1863,3193,0.00015411,Naive2,L258506,1
L258524,3,1,1,1,1433,1863,3193,0.00046232,Naive1|Naive2|Naive3,L258524,0
L258800,1,0,0,1,1433,1863,3193,0.00015411,Naive3,L258800,2
L259056,2,0,1,1,1433,1863,3193,0.00030821,Naive2|Naive3,L259056,4
L259385,1,0,1,0,1433,1863,3193,0.00015411,Naive2,L259385,3
L259644,3,0,1,2,1433,1863,3193,0.00046232,Naive2|Naive3,L259644,0
L260364,5,1,1,3,1433,1863,3193,0.00077053,Naive1|Naive2|Naive3,L260364,0
L260458,10,1,7,2,1433,1863,3193,0.00154107,Naive1|Naive2|Naive3,L260458,4
L260546,2,0,2,0,1433,1863,3193,0.00030821,Naive2,L260546,1
L260648,1,0,0,1,1433,1863,3193,0.00015411,Naive3,L260648,4
L261529,1,0,0,1,1433,1863,3193,0.00015411,Naive3,L261529,0
L261918,2,1,0,1,1433,1863,3193,0.00030821,Naive1|Naive3,L261918,0
L261955,1,0,0,1,1433,1863,3193,0.00015411,Naive3,L261955,1
L262018,1,0,0,1,1433,1863,3193,0.00015411,Naive3,L262018,4
L262260,2,0,0,2,1433,1863,3193,0.00030821,Naive3,L262260,2
L262482,1,1,0,0,1433,1863,3193,0.00015411,Naive1,L262482,1
L263044,1,0,0,1,1433,1863,3193,0.00015411,Naive3,L263044,3
L263321,1,0,1,0,1433,1863,3193,0.00015411,Naive2,L263321,2
L263433,1,0,1,0,1433,1863,3193,0.00015411,Naive2,L263433,3
L263517,8,2,2,4,1433,1863,3193,0.00123286,Naive1|Naive2|Naive3,L263517,2
L263548,2,0,1,1,1433,1863,3193,0.00030821,Naive2|Naive3,L263548,2
L263554,3,0,0,3,1433,1863,3193,0.00046232,Naive3,L263554,3
L263788,4,3,1,0,1433,1863,3193,0.00061643,Naive1|Naive2,L263788,0
L263872,2,0,0,2,1433,1863,3193,0.00030821,Naive3,L263872,4
L263990,5,2,0,3,1433,1863,3193,0.00077053,Naive1|Naive3,L263990,1
L264326,2,1,1,0,1433,1863,3193,0.00030821,Naive1|Naive2,L264326,2
L264836,2,0,1,1,1433,1863,3193,0.00030821,Naive2|Naive3,L264836,3
L264933,2,0,0,2,1433,1863,3193,0.00030821,Naive3,L264933,1
L264962,14,3,4,7,1433,1863,3193,0.0021575,Naive1|Naive2|Naive3,L264962,3
L265375,1,0,1,0,1433,1863,3193,0.00015411,Naive2,L265375,2
L265836,6,1,1,4,1433,1863,3193,0.00092464,Naive1|Naive2|Naive3,L265836,0
L265837,2,0,0,2,1433,1863,3193,0.00030821,Naive3,L265837,1
L265944,2,0,0,2,1433,1863,3193,0.00030821,Naive3,L265944,3
L2660,1,0,0,1,1433,1863,3193,0.00015411,Naive3,L2660,3
L266331,3,0,3,0,1433,1863,3193,0.00046232,Naive2,L266331,2
L26658,1,0,1,0,1433,1863,3193,0.00015411,Naive2,L26658,1
L266998,11,4,0,7,1433,1863,3193,0.00169518,Naive1|Naive3,L266998,3
L267278,1,0,0,1,1433,1863,3193,0.00015411,Naive3,L267278,1
L267504,1,1,0,0,1433,1863,3193,0.00015411,Naive1,L267504,0
L267510,3,1,0,2,1433,1863,3193,0.00046232,Naive1|Naive3,L267510,2
L267658,15,3,6,6,1433,1863,3193,0.0023116,Naive1|Naive2|Naive3,L267658,3
L267678,1,0,0,1,1433,1863,3193,0.00015411,Naive3,L267678,0
L267695,4,0,2,2,1433,1863,3193,0.00061643,Naive2|Naive3,L267695,2
L267807,4,2,0,2,1433,1863,3193,0.00061643,Naive1|Naive3,L267807,1
L268052,1,0,0,1,1433,1863,3193,0.00015411,Naive3,L268052,3
L268355,2,0,0,2,1433,1863,3193,0.00030821,Naive3,L268355,4
L268453,3,1,2,0,1433,1863,3193,0.00046232,Naive1|Naive2,L268453,2
L268666,2,1,0,1,1433,1863,3193,0.00030821,Naive1|Naive3,L268666,0
L268930,1,1,0,0,1433,1863,3193,0.00015411,Naive1,L268930,4
L269067,1,0,1,0,1433,1863,3193,0.00015411,Naive2,L269067,2
L269103,1,0,0,1,1433,1863,3193,0.00015411,Naive3,L269103,3
L269961,21,4,4,13,1433,1863,3193,0.00323625,Naive1|Naive2|Naive3,L269961,4
L270293,3,0,1,2,1433,1863,3193,0.00046232,Naive2|Naive3,L270293,3
L27072,1,0,1,0,1433,1863,3193,0.00015411,Naive2,L27072,2
L270871,1,1,0,0,1433,1863,3193,0.00015411,Naive1,L270871,0
L270914,2,1,0,1,1433,1863,3193,0.00030821,Naive1|Naive3,L270914,4
L271069,8,4,2,2,1433,1863,3193,0.00123286,Naive1|Naive2|Naive3,L271069,0
L271165,1,1,0,0,1433,1863,3193,0.00015411,Naive1,L271165,2
L271521,7,3,2,2,1433,1863,3193,0.00107875,Naive1|Naive2|Naive3,L271521,4
L271524,1,0,0,1,1433,1863,3193,0.00015411,Naive3,L271524,4
L271709,2,0,1,1,1433,1863,3193,0.00030821,Naive2|Naive3,L271709,0
L27195,1,0,1,0,1433,1863,3193,0.00015411,Naive2,L27195,3
L272178,1,0,1,0,1433,1863,3193,0.00015411,Naive2,L272178,0
L272183,3,0,0,3,1433,1863,3193,0.00046232,Naive3,L272183,4
L272263,3,0,1,2,1433,1863,3193,0.00046232,Naive2|Naive3,L272263,2
L272915,3,0,3,0,1433,1863,3193,0.00046232,Naive2,L272915,0
L273363,1,0,1,0,1433,1863,3193,0.00015411,Naive2,L273363,1
L273392,2,1,0,1,1433,1863,3193,0.00030821,Naive1|Naive3,L273392,3
L273673,13,2,4,7,1433,1863,3193,0.00200339,Naive1|Naive2|Naive3,L273673,4
L274269,3,0,1,2,1433,1863,3193,0.00046232,Naive2|Naive3,L274269,3
L274645,2,1,0,1,1433,1863,3193,0.00030821,Naive1|Naive3,L274645,0
L274730,1,1,0,0,1433,1863,3193,0.00015411,Naive1,L274730,4
L2749,5,2,2,1,1433,1863,3193,0.00077053,Naive1|Naive2|Naive3,L2749,1
L274951,28,6,8,14,1433,1863,3193,0.00431499,Naive1|Naive2|Naive3,L274951,3
L275000,1,1,0,0,1433,1863,3193,0.00015411,Naive1,L275000,4
L275170,2,1,0,1,1433,1863,3193,0.00030821,Naive1|Naive3,L275170,4
L275355,9,0,1,8,1433,1863,3193,0.00138696,Naive2|Naive3,L275355,1
L275594,1,0,1,0,1433,1863,3193,0.00015411,Naive2,L275594,0
L275878,7,0,2,5,1433,1863,3193,0.00107875,Naive2|Naive3,L275878,4
L276268,1,0,0,1,1433,1863,3193,0.00015411,Naive3,L276268,2
L276549,1,1,0,0,1433,1863,3193,0.00015411,Naive1,L276549,1
L276586,2,0,1,1,1433,1863,3193,0.00030821,Naive2|Naive3,L276586,1
L27694,1,0,1,0,1433,1863,3193,0.00015411,Naive2,L27694,0
L277050,1,0,1,0,1433,1863,3193,0.00015411,Naive2,L277050,3
L277200,6,2,1,3,1433,1863,3193,0.00092464,Naive1|Naive2|Naive3,L277200,2
L277580,1,0,0,1,1433,1863,3193,0.00015411,Naive3,L277580,1
L2779,35,9,11,15,1433,1863,3193,0.00539374,Naive1|Naive2|Naive3,L2779,4
L278282,1,1,0,0,1433,1863,3193,0.00015411,Naive1,L278282,3
L27849,1,0,0,1,1433,1863,3193,0.00015411,Naive3,L27849,1
L278604,33,9,8,16,1433,1863,3193,0.00508553,Naive1|Naive2|Naive3,L278604,2
L279030,4,0,1,3,1433,1863,3193,0.00061643,Naive2|Naive3,L279030,2
L279184,1,0,0,1,1433,1863,3193,0.00015411,Naive3,L279184,2
L279568,4,3,0,1,1433,1863,3193,0.00061643,Naive1|Naive3,L279568,2
L27978,2,0,0,2,1433,1863,3193,0.00030821,Naive3,L27978,3
L280483,2,0,0,2,1433,1863,3193,0.00030821,Naive3,L280483,4
L280587,3,1,0,2,1433,1863,3193,0.00046232,Naive1|Naive3,L280587,3
L280910,1,0,0,1,1433,1863,3193,0.00015411,Naive3,L280910,2
L281862,3,1,0,2,1433,1863,3193,0.00046232,Naive1|Naive3,L281862,0
L281881,13,3,3,7,1433,1863,3193,0.00200339,Naive1|Naive2|Naive3,L281881,2
L282391,7,1,2,4,1433,1863,3193,0.00107875,Naive1|Naive2|Naive3,L282391,3
L282419,11,2,4,5,1433,1863,3193,0.00169518,Naive1|Naive2|Naive3,L282419,4
L282791,1,0,1,0,1433,1863,3193,0.00015411,Naive2,L282791,4
L282800,1,0,0,1,1433,1863,3193,0.00015411,Naive3,L282800,3
L282925,1,1,0,0,1433,1863,3193,0.00015411,Naive1,L282925,4
L283864,2,0,1,1,1433,1863,3193,0.00030821,Naive2|Naive3,L283864,1
L284007,2,0,0,2,1433,1863,3193,0.00030821,Naive3,L284007,1
L284015,1,0,1,0,1433,1863,3193,0.00015411,Naive2,L284015,0
L28407,1,1,0,0,1433,1863,3193,0.00015411,Naive1,L28407,3
L2843,3,0,0,3,1433,1863,3193,0.00046232,Naive3,L2843,4
L284309,3,0,0,3,1433,1863,3193,0.00046232,Naive3,L284309,0
L28431,1,0,0,1,1433,1863,3193,0.00015411,Naive3,L28431,0
L284521,1,0,1,0,1433,1863,3193,0.00015411,Naive2,L284521,1
L284687,1,1,0,0,1433,1863,3193,0.00015411,Naive1,L284687,0
L285082,7,1,1,5,1433,1863,3193,0.00107875,Naive1|Naive2|Naive3,L285082,0
L285161,1,0,0,1,1433,1863,3193,0.00015411,Naive3,L285161,4
L285237,15,1,5,9,1433,1863,3193,0.0023116,Naive1|Naive2|Naive3,L285237,1
L28531,1,0,0,1,1433,1863,3193,0.00015411,Naive3,L28531,1
L286442,1,0,1,0,1433,1863,3193,0.00015411,Naive2,L286442,4
L286512,2,0,2,0,1433,1863,3193,0.00030821,Naive2,L286512,1
L286689,1,1,0,0,1433,1863,3193,0.00015411,Naive1,L286689,1
L287148,1,0,1,0,1433,1863,3193,0.00015411,Naive2,L287148,3
L287467,1,0,0,1,1433,1863,3193,0.00015411,Naive3,L287467,2
L287522,1,0,0,1,1433,1863,3193,0.00015411,Naive3,L287522,4
L287919,1,0,0,1,1433,1863,3193,0.00015411,Naive3,L287919,4
L288391,2,0,0,2,1433,1863,3193,0.00030821,Naive3,L288391,4
L288445,1,0,1,0,1433,1863,3193,0.00015411,Naive2,L288445,3
L288451,1,1,0,0,1433,1863,3193,0.00015411,Naive1,L288451,4
L289287,1,1,0,0,1433,1863,3193,0.00015411,Naive1,L289287,4
L289410,36,5,13,18,1433,1863,3193,0.00554785,Naive1|Naive2|Naive3,L289410,2
L289459,1,0,1,0,1433,1863,3193,0.00015411,Naive2,L289459,4
L289493,1,1,0,0,1433,1863,3193,0.00015411,Naive1,L289493,4
L289938,12,0,4,8,1433,1863,3193,0.00184928,Naive2|Naive3,L289938,1
L289974,1,1,0,0,1433,1863,3193,0.00015411,Naive1,L289974,1
L29023,1,0,0,1,1433,1863,3193,0.00015411,Naive3,L29023,3
L290279,5,2,0,3,1433,1863,3193,0.00077053,Naive1|Naive3,L290279,2
L290343,1,0,0,1,1433,1863,3193,0.00015411,Naive3,L290343,4
L290559,1,0,1,0,1433,1863,3193,0.00015411,Naive2,L290559,0
L290603,4,1,1,2,1433,1863,3193,0.00061643,Naive1|Naive2|Naive3,L290603,1
L290642,2,1,0,1,1433,1863,3193,0.00030821,Naive1|Naive3,L290642,2
L290808,1,0,0,1,1433,1863,3193,0.00015411,Naive3,L290808,4
L291848,1,0,0,1,1433,1863,3193,0.00015411,Naive3,L291848,0
L291864,1,0,1,0,1433,1863,3193,0.00015411,Naive2,L291864,0
L292026,3,0,2,1,1433,1863,3193,0.00046232,Naive2|Naive3,L292026,3
L292133,2,1,0,1,1433,1863,3193,0.00030821,Naive1|Naive3,L292133,1
L292268,6,2,2,2,1433,1863,3193,0.00092464,Naive1|Naive2|Naive3,L292268,4
L292296,2,2,0,0,1433,1863,3193,0.00030821,Naive1,L292296,3
L292380,1,0,0,1,1433,1863,3193,0.00015411,Naive3,L292380,2
L292653,2,0,0,2,1433,1863,3193,0.00030821,Naive3,L292653,3
L292880,1,0,1,0,1433,1863,3193,0.00015411,Naive2,L292880,3
L293016,4,0,3,1,1433,1863,3193,0.00061643,Naive2|Naive3,L293016,2
L293527,27,4,7,16,1433,1863,3193,0.00416089,Naive1|Naive2|Naive3,L293527,3
L293773,3,0,0,3,1433,1863,3193,0.00046232,Naive3,L293773,0
L293983,1,0,1,0,1433,1863,3193,0.00015411,Naive2,L293983,3
L293998,2,0,1,1,1433,1863,3193,0.00030821,Naive2|Naive3,L293998,2
L294380,4,1,0,3,1433,1863,3193,0.00061643,Naive1|Naive3,L294380,3
L294541,1,0,1,0,1433,1863,3193,0.00015411,Naive2,L294541,2
L294564,1,1,0,0,1433,1863,3193,0.00015411,Naive1,L294564,4
L294576,1,0,1,0,1433,1863,3193,0.00015411,Naive2,L294576,2
L295193,6,2,0,4,1433,1863,3193,0.00092464,Naive1|Naive3,L295193,1
L295492,8,2,3,3,1433,1863,3193,0.00123286,Naive1|Naive2|Naive3,L295492,0
L29553,1,0,1,0,1433,1863,3193,0.00015411,Naive2,L29553,1
L295561,4,0,2,2,1433,1863,3193,0.00061643,Naive2|Naive3,L295561,0
L295735,2,1,0,1,1433,1863,3193,0.00030821,Naive1|Naive3,L295735,3
L296089,1,0,0,1,1433,1863,3193,0.00015411,Naive3,L296089,3
L296189,12,2,2,8,1433,1863,3193,0.00184928,Naive1|Naive2|Naive3,L296189,1
L296278,2,0,0,2,1433,1863,3193,0.00030821,Naive3,L296278,2
L296352,1,1,0,0,1433,1863,3193,0.00015411,Naive1,L296352,3
L296371,6,0,4,2,1433,1863,3193,0.00092464,Naive2|Naive3,L296371,1
L296406,2,0,1,1,1433,1863,3193,0.00030821,Naive2|Naive3,L296406,1
L297256,5,0,0,5,1433,1863,3193,0.00077053,Naive3,L297256,1
L297967,1,0,1,0,1433,1863,3193,0.00015411,Naive2,L297967,4
L298261,2,0,2,0,1433,1863,3193,0.00030821,Naive2,L298261,3
L298485,2,1,0,1,1433,1863,3193,0.00030821,Naive1|Naive3,L298485,3
L299027,1,0,1,0,1433,1863,3193,0.00015411,Naive2,L299027,0
L29912,1,0,1,0,1433,1863,3193,0.00015411,Naive2,L29912,3
L299297,1,0,0,1,1433,1863,3193,0.00015411,Naive3,L299297,1
L299327,1,0,0,1,1433,1863,3193,0.00015411,Naive3,L299327,2
L299436,2,0,0,2,1433,1863,3193,0.00030821,Naive3,L299436,0
L299501,1,0,1,0,1433,1863,3193,0.00015411,Naive2,L299501,1
L29951,2,0,0,2,1433,1863,3193,0.00030821,Naive3,L29951,0
L300022,1,0,1,0,1433,1863,3193,0.00015411,Naive2,L300022,1
L300077,1,0,0,1,1433,1863,3193,0.00015411,Naive3,L300077,3
L300084,2,1,1,0,1433,1863,3193,0.00030821,Naive1|Naive2,L300084,1
L300217,1,0,0,1,1433,1863,3193,0.00015411,Naive3,L300217,3
L300344,1,0,0,1,1433,1863,3193,0.00015411,Naive3,L300344,0
L300377,2,0,0,2,1433,1863,3193,0.00030821,Naive3,L300377,3
L300513,1,0,1,0,1433,1863,3193,0.00015411,Naive2,L300513,2
L300600,1,0,0,1,1433,1863,3193,0.00015411,Naive3,L300600,4
L301536,3,2,0,1,1433,1863,3193,0.00046232,Naive1|Naive3,L301536,1
L301796,1,0,0,1,1433,1863,3193,0.00015411,Naive3,L301796,2
L302148,1,0,0,1,1433,1863,3193,0.00015411,Naive3,L302148,1
L302652,5,4,0,1,1433,1863,3193,0.00077053,Naive1|Naive3,L302652,2
L302757,1,1,0,0,1433,1863,3193,0.00015411,Naive1,L302757,0
L302938,1,1,0,0,1433,1863,3193,0.00015411,Naive1,L302938,2
L303207,1,0,0,1,1433,1863,3193,0.00015411,Naive3,L303207,2
L30334,3,1,1,1,1433,1863,3193,0.00046232,Naive1|Naive2|Naive3,L30334,2
L303711,11,3,1,7,1433,1863,3193,0.00169518,Naive1|Naive2|Naive3,L303711,3
L303910,6,4,1,1,1433,1863,3193,0.00092464,Naive1|Naive2|Naive3,L303910,0
L303918,33,9,12,12,1433,1863,3193,0.00508553,Naive1|Naive2|Naive3,L303918,0
L304229,2,0,0,2,1433,1863,3193,0.00030821,Naive3,L304229,0
L304427,12,5,3,4,1433,1863,3193,0.00184928,Naive1|Naive2|Naive3,L304427,2
L304696,14,6,1,7,1433,1863,3193,0.0021575,Naive1|Naive2|Naive3,L304696,2
L304702,1,0,1,0,1433,1863,3193,0.00015411,Naive2,L304702,1
L305324,1,0,0,1,1433,1863,3193,0.00015411,Naive3,L305324,4
L305673,5,0,1,4,1433,1863,3193,0.00077053,Naive2|Naive3,L305673,4
L305688,13,3,2,8,1433,1863,3193,0.00200339,Naive1|Naive2|Naive3,L305688,3
L305830,19,7,5,7,1433,1863,3193,0.00292803,Naive1|Naive2|Naive3,L305830,0
L306326,1,0,0,1,1433,1863,3193,0.00015411,Naive3,L306326,4
L306327,1,0,0,1,1433,1863,3193,0.00015411,Naive3,L306327,4
L306369,2,0,0,2,1433,1863,3193,0.00030821,Naive3,L306369,0
L306454,1,0,0,1,1433,1863,3193,0.00015411,Naive3,L306454,4
L306495,9,0,0,9,1433,1863,3193,0.00138696,Naive3,L306495,4
L30697,4,1,0,3,1433,1863,3193,0.00061643,Naive1|Naive3,L30697,1
L307185,1,0,1,0,1433,1863,3193,0.00015411,Naive2,L307185,3
L30726,9,0,1,8,1433,1863,3193,0.00138696,Naive2|Naive3,L30726,2
L307329,13,3,3,7,1433,1863,3193,0.00200339,Naive1|Naive2|Naive3,L307329,1
L307963,7,4,1,2,1433,1863,3193,0.00107875,Naive1|Naive2|Naive3,L307963,2
L308068,2,1,1,0,1433,1863,3193,0.00030821,Naive1|Naive2,L308068,3
L30819,1,0,0,1,1433,1863,3193,0.00015411,Naive3,L30819,4
L308205,1,0,0,1,1433,1863,3193,0.00015411,Naive3,L308205,2
L30836,1,0,1,0,1433,1863,3193,0.00015411,Naive2,L30836,3
L308730,6,2,2,2,1433,1863,3193,0.00092464,Naive1|Naive2|Naive3,L308730,1
L309032,1,0,1,0,1433,1863,3193,0.00015411,Naive2,L309032,3
L309787,1,0,0,1,1433,1863,3193,0.00015411,Naive3,L309787,1
L309797,4,0,1,3,1433,1863,3193,0.00061643,Naive2|Naive3,L309797,1
L310044,2,0,0,2,1433,1863,3193,0.00030821,Naive3,L310044,0
L3102,3,0,1,2,1433,1863,3193,0.00046232,Naive2|Naive3,L3102,4
L310359,2,0,1,1,1433,1863,3193,0.00030821,Naive2|Naive3,L310359,4
L310641,2,1,0,1,1433,1863,3193,0.00030821,Naive1|Naive3,L310641,3
L310647,2,0,0,2,1433,1863,3193,0.00030821,Naive3,L310647,4
L310896,1,1,0,0,1433,1863,3193,0.00015411,Naive1,L310896,4
L310983,1,0,0,1,1433,1863,3193,0.00015411,Naive3,L310983,1
L31111,15,5,5,5,1433,1863,3193,0.0023116,Naive1|Naive2|Naive3,L31111,3
L311233,1,0,0,1,1433,1863,3193,0.00015411,Naive3,L311233,2
L312082,6,1,4,1,1433,1863,3193,0.00092464,Naive1|Naive2|Naive3,L312082,1
L312238,3,1,1,1,1433,1863,3193,0.00046232,Naive1|Naive2|Naive3,L312238,2
L312270,2,0,1,1,1433,1863,3193,0.00030821,Naive2|Naive3,L312270,3
L312449,1,0,1,0,1433,1863,3193,0.00015411,Naive2,L312449,1
L312519,2,1,0,1,1433,1863,3193,0.00030821,Naive1|Naive3,L312519,1
L312831,1,0,0,1,1433,1863,3193,0.00015411,Naive3,L312831,0
L312932,2,0,2,0,1433,1863,3193,0.00030821,Naive2,L312932,3
L313443,2,0,0,2,1433,1863,3193,0.00030821,Naive3,L313443,1
L31386,2,0,2,0,1433,1863,3193,0.00030821,Naive2,L31386,4
L314428,2,0,0,2,1433,1863,3193,0.00030821,Naive3,L314428,3
L314496,2,0,0,2,1433,1863,3193,0.00030821,Naive3,L314496,2
L314514,16,4,8,4,1433,1863,3193,0.00246571,Naive1|Naive2|Naive3,L314514,2
L314569,1,0,1,0,1433,1863,3193,0.00015411,Naive2,L314569,4
L314603,4,0,0,4,1433,1863,3193,0.00061643,Naive3,L314603,2
L314700,3,0,2,1,1433,1863,3193,0.00046232,Naive2|Naive3,L314700,0
L314894,30,9,6,15,1433,1863,3193,0.00462321,Naive1|Naive2|Naive3,L314894,1
L31510,1,0,0,1,1433,1863,3193,0.00015411,Naive3,L31510,3
L31550,1,0,0,1,1433,1863,3193,0.00015411,Naive3,L31550,3
L315594,4,2,2,0,1433,1863,3193,0.00061643,Naive1|Naive2,L315594,2
L3157,1,0,0,1,1433,1863,3193,0.00015411,Naive3,L3157,3
L31572,5,0,1,4,1433,1863,3193,0.00077053,Naive2|Naive3,L31572,3
L315758,1,0,0,1,1433,1863,3193,0.00015411,Naive3,L315758,4
L315950,2,1,1,0,1433,1863,3193,0.00030821,Naive1|Naive2,L315950,3
L315953,4,1,2,1,1433,1863,3193,0.00061643,Naive1|Naive2|Naive3,L315953,3
L316034,1,0,1,0,1433,1863,3193,0.00015411,Naive2,L316034,3
L316041,1,0,0,1,1433,1863,3193,0.00015411,Naive3,L316041,3
L3161,2,1,1,0,1433,1863,3193,0.00030821,Naive1|Naive2,L3161,1
L316244,3,0,1,2,1433,1863,3193,0.00046232,Naive2|Naive3,L316244,3
L316359,1,1,0,0,1433,1863,3193,0.00015411,Naive1,L316359,0
L316393,5,0,2,3,1433,1863,3193,0.00077053,Naive2|Naive3,L316393,1
L316533,14,3,6,5,1433,1863,3193,0.0021575,Naive1|Naive2|Naive3,L316533,2
L3167,3,2,1,0,1433,1863,3193,0.00046232,Naive1|Naive2,L3167,2
L316748,1,0,0,1,1433,1863,3193,0.00015411,Naive3,L316748,4
L316821,1,0,0,1,1433,1863,3193,0.00015411,Naive3,L316821,0
L317026,1,0,0,1,1433,1863,3193,0.00015411,Naive3,L317026,4
L317590,1,1,0,0,1433,1863,3193,0.00015411,Naive1,L317590,2
L318033,11,2,2,7,1433,1863,3193,0.00169518,Naive1|Naive2|Naive3,L318033,2
L318190,1,0,0,1,1433,1863,3193,0.00015411,Naive3,L318190,2
L318458,2,1,1,0,1433,1863,3193,0.00030821,Naive1|Naive2,L318458,4
L31852,57,18,13,26,1433,1863,3193,0.0087841,Naive1|Naive2|Naive3,L31852,2
L31856,14,4,3,7,1433,1863,3193,0.0021575,Naive1|Naive2|Naive3,L31856,4
L31872,2,1,1,0,1433,1863,3193,0.00030821,Naive1|Naive2,L31872,4
L319115,1,1,0,0,1433,1863,3193,0.00015411,Naive1,L319115,4
L319318,1,0,1,0,1433,1863,3193,0.00015411,Naive2,L319318,2
L319523,1,0,1,0,1433,1863,3193,0.00015411,Naive2,L319523,4
L319635,6,0,2,4,1433,1863,3193,0.00092464,Naive2|Naive3,L319635,1
L319892,4,0,2,2,1433,1863,3193,0.00061643,Naive2|Naive3,L319892,4
L32013,1,0,0,1,1433,1863,3193,0.00015411,Naive3,L32013,1
L320444,3,1,1,1,1433,1863,3193,0.00046232,Naive1|Naive2|Naive3,L320444,2
L320454,1,0,0,1,1433,1863,3193,0.00015411,Naive3,L320454,4
L320548,4,1,1,2,1433,1863,3193,0.00061643,Naive1|Naive2|Naive3,L320548,3
L320705,1,0,0,1,1433,1863,3193,0.00015411,Naive3,L320705,1
L320820,35,12,7,16,1433,1863,3193,0.00539374,Naive1|Naive2|Naive3,L320820,3
L321183,2,0,1,1,1433,1863,3193,0.00030821,Naive2|Naive3,L321183,4
L321201,1,0,0,1,1433,1863,3193,0.00015411,Naive3,L321201,2
L321617,3,1,1,1,1433,1863,3193,0.00046232,Naive1|Naive2|Naive3,L321617,1
L321690,1,0,1,0,1433,1863,3193,0.00015411,Naive2,L321690,3
L321791,1,0,0,1,1433,1863,3193,0.00015411,Naive3,L321791,0
L322064,1,0,1,0,1433,1863,3193,0.00015411,Naive2,L322064,3
L322091,3,0,1,2,1433,1863,3193,0.00046232,Naive2|Naive3,L322091,3
L322102,1,0,0,1,1433,1863,3193,0.00015411,Naive3,L322102,4
L322120,5,1,2,2,1433,1863,3193,0.00077053,Naive1|Naive2|Naive3,L322120,3
L322183,1,0,0,1,1433,1863,3193,0.00015411,Naive3,L322183,1
L322447,4,1,0,3,1433,1863,3193,0.00061643,Naive1|Naive3,L322447,2
L322777,19,5,8,6,1433,1863,3193,0.00292803,Naive1|Naive2|Naive3,L322777,4
L32307,1,0,1,0,1433,1863,3193,0.00015411,Naive2,L32307,0
L323345,3,0,0,3,1433,1863,3193,0.00046232,Naive3,L323345,4
L323748,2,0,0,2,1433,1863,3193,0.00030821,Naive3,L323748,2
L323769,3,3,0,0,1433,1863,3193,0.00046232,Naive1,L323769,0
L323778,1,0,1,0,1433,1863,3193,0.00015411,Naive2,L323778,4
L323960,3,0,0,3,1433,1863,3193,0.00046232,Naive3,L323960,2
L324293,1,0,0,1,1433,1863,3193,0.00015411,Naive3,L324293,1
L3243,2,0,0,2,1433,1863,3193,0.00030821,Naive3,L3243,0
L324331,1,0,1,0,1433,1863,3193,0.00015411,Naive2,L324331,2
L324535,1,0,0,1,1433,1863,3193,0.00015411,Naive3,L324535,4
L32461,3,0,2,1,1433,1863,3193,0.00046232,Naive2|Naive3,L32461,1
L325741,19,7,5,7,1433,1863,3193,0.00292803,Naive1|Naive2|Naive3,L325741,0
L325781,1,0,0,1,1433,1863,3193,0.00015411,Naive3,L325781,3
L326124,1,0,0,1,1433,1863,3193,0.00015411,Naive3,L326124,1
L326276,1,0,0,1,1433,1863,3193,0.00015411,Naive3,L326276,2
L326420,1,0,0,1,1433,1863,3193,0.00015411,Naive3,L326420,3
L3265,10,2,3,5,1433,1863,3193,0.00154107,Naive1|Naive2|Naive3,L3265,4
L326812,3,0,2,1,1433,1863,3193,0.00046232,Naive2|Naive3,L326812,4
L327389,4,0,0,4,1433,1863,3193,0.00061643,Naive3,L327389,1
L327712,1,0,0,1,1433,1863,3193,0.00015411,Naive3,L327712,3
L328087,3,0,1,2,1433,1863,3193,0.00046232,Naive2|Naive3,L328087,0
L328262,2,1,0,1,1433,1863,3193,0.00030821,Naive1|Naive3,L328262,2
L328314,4,1,1,2,1433,1863,3193,0.00061643,Naive1|Naive2|Naive3,L328314,1
L328955,21,4,9,8,1433,1863,3193,0.00323625,Naive1|Naive2|Naive3,L328955,3
L329078,1,1,0,0,1433,1863,3193,0.00015411,Naive1,L329078,4
L329127,1,0,0,1,1433,1863,3193,0.00015411,Naive3,L329127,2
L329364,3,2,1,0,1433,1863,3193,0.00046232,Naive1|Naive2,L329364,0
L329437,1,0,1,0,1433,1863,3193,0.00015411,Naive2,L329437,3
L329452,6,1,1,4,1433,1863,3193,0.00092464,Naive1|Naive2|Naive3,L329452,3
L329553,17,4,4,9,1433,1863,3193,0.00261982,Naive1|Naive2|Naive3,L329553,3
L329587,4,0,4,0,1433,1863,3193,0.00061643,Naive2,L329587,0
L329798,3,1,0,2,1433,1863,3193,0.00046232,Naive1|Naive3,L329798,3
L33007,1,0,1,0,1433,1863,3193,0.00015411,Naive2,L33007,1
L33021,3,1,2,0,1433,1863,3193,0.00046232,Naive1|Naive2,L33021,2
L330256,1,0,0,1,1433,1863,3193,0.00015411,Naive3,L330256,1
L330523,1,0,0,1,1433,1863,3193,0.00015411,Naive3,L330523,4
L331210,9,2,3,4,1433,1863,3193,0.00138696,Naive1|Naive2|Naive3,L331210,0
L331535,4,1,0,3,1433,1863,3193,0.00061643,Naive1|Naive3,L331535,2
L331640,1,0,1,0,1433,1863,3193,0.00015411,Naive2,L331640,1
L33167,1,1,0,0,1433,1863,3193,0.00015411,Naive1,L33167,0
L331971,4,0,1,3,1433,1863,3193,0.00061643,Naive2|Naive3,L331971,4
L33701,31,6,10,15,1433,1863,3193,0.00477732,Naive1|Naive2|Naive3,L33701,3
L34148,2,0,0,2,1433,1863,3193,0.00030821,Naive3,L34148,2
L34649,1,0,0,1,1433,1863,3193,0.00015411,Naive3,L34649,3
L34984,2,0,0,2,1433,1863,3193,0.00030821,Naive3,L34984,1
L35089,1,0,1,0,1433,1863,3193,0.00015411,Naive2,L35089,1
L35389,48,12,14,22,1433,1863,3193,0.00739713,Naive1|Naive2|Naive3,L35389,4
L35441,4,1,3,0,1433,1863,3193,0.00061643,Naive1|Naive2,L35441,1
L35478,4,2,2,0,1433,1863,3193,0.00061643,Naive1|Naive2,L35478,0
L3550,3,0,2,1,1433,1863,3193,0.00046232,Naive2|Naive3,L3550,3
L35837,1,0,0,1,1433,1863,3193,0.00015411,Naive3,L35837,1
L36038,1,0,0,1,1433,1863,3193,0.00015411,Naive3,L36038,0
L36415,6,1,2,3,1433,1863,3193,0.00092464,Naive1|Naive2|Naive3,L36415,3
L36448,2,0,0,2,1433,1863,3193,0.00030821,Naive3,L36448,2
L36461,1,0,1,0,1433,1863,3193,0.00015411,Naive2,L36461,3
L36541,4,1,1,2,1433,1863,3193,0.00061643,Naive1|Naive2|Naive3,L36541,3
L36694,1,0,1,0,1433,1863,3193,0.00015411,Naive2,L36694,2
L3698,4,0,2,2,1433,1863,3193,0.00061643,Naive2|Naive3,L3698,0
L36981,1,0,0,1,1433,1863,3193,0.00015411,Naive3,L36981,3
L37950,4,1,1,2,1433,1863,3193,0.00061643,Naive1|Naive2|Naive3,L37950,1
L37973,17,3,2,12,1433,1863,3193,0.00261982,Naive1|Naive2|Naive3,L37973,4
L38608,1,1,0,0,1433,1863,3193,0.00015411,Naive1,L38608,4
L38872,1,1,0,0,1433,1863,3193,0.00015411,Naive1,L38872,3
L39024,2,1,0,1,1433,1863,3193,0.00030821,Naive1|Naive3,L39024,3
L39199,1,0,0,1,1433,1863,3193,0.00015411,Naive3,L39199,2
L40253,2,0,1,1,1433,1863,3193,0.00030821,Naive2|Naive3,L40253,2
L40282,2,0,1,1,1433,1863,3193,0.00030821,Naive2|Naive3,L40282,0
L40593,2,0,1,1,1433,1863,3193,0.00030821,Naive2|Naive3,L40593,1
L40629,47,12,10,25,1433,1863,3193,0.00724303,Naive1|Naive2|Naive3,L40629,4
L40787,1,1,0,0,1433,1863,3193,0.00015411,Naive1,L40787,0
L40894,1,0,0,1,1433,1863,3193,0.00015411,Naive3,L40894,1
L40917,1,0,0,1,1433,1863,3193,0.00015411,Naive3,L40917,3
L41113,7,2,1,4,1433,1863,3193,0.00107875,Naive1|Naive2|Naive3,L41113,3
L4121,1,0,1,0,1433,1863,3193,0.00015411,Naive2,L4121,4
L41388,1,0,0,1,1433,1863,3193,0.00015411,Naive3,L41388,3
L41699,1,0,0,1,1433,1863,3193,0.00015411,Naive3,L41699,3
L41780,11,0,5,6,1433,1863,3193,0.00169518,Naive2|Naive3,L41780,4
L41799,1,1,0,0,1433,1863,3193,0.00015411,Naive1,L41799,1
L4181,1,0,0,1,1433,1863,3193,0.00015411,Naive3,L4181,1
L42496,2,2,0,0,1433,1863,3193,0.00030821,Naive1,L42496,4
L42533,2,0,0,2,1433,1863,3193,0.00030821,Naive3,L42533,3
L42561,1,0,1,0,1433,1863,3193,0.00015411,Naive2,L42561,2
L42654,4,1,1,2,1433,1863,3193,0.00061643,Naive1|Naive2|Naive3,L42654,2
L42680,2,1,0,1,1433,1863,3193,0.00030821,Naive1|Naive3,L42680,4
L43064,1,0,0,1,1433,1863,3193,0.00015411,Naive3,L43064,0
L43772,1,0,0,1,1433,1863,3193,0.00015411,Naive3,L43772,4
L44324,2,1,0,1,1433,1863,3193,0.00030821,Naive1|Naive3,L44324,4
L44356,1,0,0,1,1433,1863,3193,0.00015411,Naive3,L44356,0
L44509,5,3,1,1,1433,1863,3193,0.00077053,Naive1|Naive2|Naive3,L44509,3
L44532,1,0,0,1,1433,1863,3193,0.00015411,Naive3,L44532,0
L44586,7,2,1,4,1433,1863,3193,0.00107875,Naive1|Naive2|Naive3,L44586,0
L45022,15,2,4,9,1433,1863,3193,0.0023116,Naive1|Naive2|Naive3,L45022,3
L45474,2,0,0,2,1433,1863,3193,0.00030821,Naive3,L45474,0
L46013,1,1,0,0,1433,1863,3193,0.00015411,Naive1,L46013,4
L46096,5,1,1,3,1433,1863,3193,0.00077053,Naive1|Naive2|Naive3,L46096,3
L46431,2,0,1,1,1433,1863,3193,0.00030821,Naive2|Naive3,L46431,4
L46767,1,0,1,0,1433,1863,3193,0.00015411,Naive2,L46767,2
L46940,2,1,0,1,1433,1863,3193,0.00030821,Naive1|Naive3,L46940,2
L47103,15,3,2,10,1433,1863,3193,0.0023116,Naive1|Naive2|Naive3,L47103,4
L47158,1,0,0,1,1433,1863,3193,0.00015411,Naive3,L47158,2
L47601,5,1,2,2,1433,1863,3193,0.00077053,Naive1|Naive2|Naive3,L47601,2
L47663,2,1,1,0,1433,1863,3193,0.00030821,Naive1|Naive2,L47663,1
L47728,1,0,0,1,1433,1863,3193,0.00015411,Naive3,L47728,4
L47899,1,0,1,0,1433,1863,3193,0.00015411,Naive2,L47899,1
L47994,5,0,2,3,1433,1863,3193,0.00077053,Naive2|Naive3,L47994,2
L48487,8,3,4,1,1433,1863,3193,0.00123286,Naive1|Naive2|Naive3,L48487,1
L4851,1,0,0,1,1433,1863,3193,0.00015411,Naive3,L4851,3
L48583,3,0,1,2,1433,1863,3193,0.00046232,Naive2|Naive3,L48583,2
L48852,7,1,2,4,1433,1863,3193,0.00107875,Naive1|Naive2|Naive3,L48852,1
L48895,3,2,1,0,1433,1863,3193,0.00046232,Naive1|Naive2,L48895,3
L48945,3,0,2,1,1433,1863,3193,0.00046232,Naive2|Naive3,L48945,1
L49199,5,1,1,3,1433,1863,3193,0.00077053,Naive1|Naive2|Naive3,L49199,1
L49447,5,1,2,2,1433,1863,3193,0.00077053,Naive1|Naive2|Naive3,L49447,3
L49477,2,2,0,0,1433,1863,3193,0.00030821,Naive1,L49477,4
L49732,2,2,0,0,1433,1863,3193,0.00030821,Naive1,L49732,3
L50061,1,0,1,0,1433,1863,3193,0.00015411,Naive2,L50061,4
L50332,1,0,0,1,1433,1863,3193,0.00015411,Naive3,L50332,0
L5045,5,1,1,3,1433,1863,3193,0.00077053,Naive1|Naive2|Naive3,L5045,3
L50672,9,2,3,4,1433,1863,3193,0.00138696,Naive1|Naive2|Naive3,L50672,4
L50675,1,1,0,0,1433,1863,3193,0.00015411,Naive1,L50675,1
L5070,1,0,0,1,1433,1863,3193,0.00015411,Naive3,L5070,1
L50807,6,2,0,4,1433,1863,3193,0.00092464,Naive1|Naive3,L50807,4
L50844,2,0,1,1,1433,1863,3193,0.00030821,Naive2|Naive3,L50844,1
L51013,1,1,0,0,1433,1863,3193,0.00015411,Naive1,L51013,3
L51134,13,4,1,8,1433,1863,3193,0.00200339,Naive1|Naive2|Naive3,L51134,0
L51167,1,0,0,1,1433,1863,3193,0.00015411,Naive3,L51167,2
L51179,1,0,1,0,1433,1863,3193,0.00015411,Naive2,L51179,3
L51204,3,2,0,1,1433,1863,3193,0.00046232,Naive1|Naive3,L51204,1
L51669,20,9,4,7,1433,1863,3193,0.00308214,Naive1|Naive2|Naive3,L51669,4
L5170,1,1,0,0,1433,1863,3193,0.00015411,Naive1,L5170,0
L52264,7,2,2,3,1433,1863,3193,0.00107875,Naive1|Naive2|Naive3,L52264,2
L52309,3,0,1,2,1433,1863,3193,0.00046232,Naive2|Naive3,L52309,2
L52385,1,0,0,1,1433,1863,3193,0.00015411,Naive3,L52385,2
L52613,12,3,0,9,1433,1863,3193,0.00184928,Naive1|Naive3,L52613,0
L52820,12,2,3,7,1433,1863,3193,0.00184928,Naive1|Naive2|Naive3,L52820,0
L53092,6,2,3,1,1433,1863,3193,0.00092464,Naive1|Naive2|Naive3,L53092,3
L5415,1,0,0,1,1433,1863,3193,0.00015411,Naive3,L5415,3
L54153,31,10,10,11,1433,1863,3193,0.00477732,Naive1|Naive2|Naive3,L54153,2
L54250,18,2,4,12,1433,1863,3193,0.00277393,Naive1|Naive2|Naive3,L54250,4
L54385,1,0,1,0,1433,1863,3193,0.00015411,Naive2,L54385,0
L54918,4,1,0,3,1433,1863,3193,0.00061643,Naive1|Naive3,L54918,1
L5495,15,2,4,9,1433,1863,3193,0.0023116,Naive1|Naive2|Naive3,L5495,0
L55,6,0,1,5,1433,1863,3193,0.00092464,Naive2|Naive3,L55,0
L55260,8,1,0,7,1433,1863,3193,0.00123286,Naive1|Naive3,L55260,4
L55272,1,0,1,0,1433,1863,3193,0.00015411,Naive2,L55272,4
L55579,4,1,1,2,1433,1863,3193,0.00061643,Naive1|Naive2|Naive3,L55579,1
L55883,2,0,2,0,1433,1863,3193,0.00030821,Naive2,L55883,2
L55974,13,2,5,6,1433,1863,3193,0.00200339,Naive1|Naive2|Naive3,L55974,3
L56263,1,0,0,1,1433,1863,3193,0.00015411,Naive3,L56263,3
L56535,1,1,0,0,1433,1863,3193,0.00015411,Naive1,L56535,2
L56999,33,7,7,19,1433,1863,3193,0.00508553,Naive1|Naive2|Naive3,L56999,0
L57101,5,1,3,1,1433,1863,3193,0.00077053,Naive1|Naive2|Naive3,L57101,0
L57672,2,0,0,2,1433,1863,3193,0.00030821,Naive3,L57672,2
L57740,1,0,0,1,1433,1863,3193,0.00015411,Naive3,L57740,1
L58090,16,3,4,9,1433,1863,3193,0.00246571,Naive1|Naive2|Naive3,L58090,2
L58986,1,0,1,0,1433,1863,3193,0.00015411,Naive2,L58986,0
L5905,2,0,1,1,1433,1863,3193,0.00030821,Naive2|Naive3,L5905,4
L5936,1,0,1,0,1433,1863,3193,0.00015411,Naive2,L5936,3
L59420,28,8,6,14,1433,1863,3193,0.00431499,Naive1|Naive2|Naive3,L59420,0
L5986,2,0,0,2,1433,1863,3193,0.00030821,Naive3,L5986,3
L60064,1,0,0,1,1433,1863,3193,0.00015411,Naive3,L60064,3
L6043,12,4,2,6,1433,1863,3193,0.00184928,Naive1|Naive2|Naive3,L6043,1
L60553,2,0,0,2,1433,1863,3193,0.00030821,Naive3,L60553,4
L60620,1,1,0,0,1433,1863,3193,0.00015411,Naive1,L60620,0
L61163,5,1,1,3,1433,1863,3193,0.00077053,Naive1|Naive2|Naive3,L61163,3
L61172,4,2,1,1,1433,1863,3193,0.00061643,Naive1|Naive2|Naive3,L61172,3
L61259,4,2,0,2,1433,1863,3193,0.00061643,Naive1|Naive3,L61259,2
L61285,1,0,0,1,1433,1863,3193,0.00015411,Naive3,L61285,3
L61442,1,0,0,1,1433,1863,3193,0.00015411,Naive3,L61442,3
L61693,1,1,0,0,1433,1863,3193,0.00015411,Naive1,L61693,2
L61901,1,0,0,1,1433,1863,3193,0.00015411,Naive3,L61901,4
L62285,1,0,1,0,1433,1863,3193,0.00015411,Naive2,L62285,0
L62684,21,1,5,15,1433,1863,3193,0.00323625,Naive1|Naive2|Naive3,L62684,1
L62700,12,1,6,5,1433,1863,3193,0.00184928,Naive1|Naive2|Naive3,L62700,2
L62936,3,0,3,0,1433,1863,3193,0.00046232,Naive2,L62936,0
L63265,1,0,0,1,1433,1863,3193,0.00015411,Naive3,L63265,3
L6369,37,10,9,18,1433,1863,3193,0.00570196,Naive1|Naive2|Naive3,L6369,4
L64121,4,1,1,2,1433,1863,3193,0.00061643,Naive1|Naive2|Naive3,L64121,3
L64481,1,1,0,0,1433,1863,3193,0.00015411,Naive1,L64481,2
L64673,1,0,1,0,1433,1863,3193,0.00015411,Naive2,L64673,0
L64746,1,0,0,1,1433,1863,3193,0.00015411,Naive3,L64746,0
L64783,1,0,0,1,1433,1863,3193,0.00015411,Naive3,L64783,4
L64990,20,3,4,13,1433,1863,3193,0.00308214,Naive1|Naive2|Naive3,L64990,4
L65002,3,0,1,2,1433,1863,3193,0.00046232,Naive2|Naive3,L65002,2
L65036,1,0,0,1,1433,1863,3193,0.00015411,Naive3,L65036,0
L65794,4,0,1,3,1433,1863,3193,0.00061643,Naive2|Naive3,L65794,4
L65984,1,0,1,0,1433,1863,3193,0.00015411,Naive2,L65984,2
L66014,2,0,0,2,1433,1863,3193,0.00030821,Naive3,L66014,4
L66057,1,0,0,1,1433,1863,3193,0.00015411,Naive3,L66057,4
L66204,4,1,1,2,1433,1863,3193,0.00061643,Naive1|Naive2|Naive3,L66204,2
L66476,2,0,0,2,1433,1863,3193,0.00030821,Naive3,L66476,1
L66506,2,0,2,0,1433,1863,3193,0.00030821,Naive2,L66506,0
L66564,8,1,4,3,1433,1863,3193,0.00123286,Naive1|Naive2|Naive3,L66564,1
L66947,1,0,0,1,1433,1863,3193,0.00015411,Naive3,L66947,2
L67284,7,2,3,2,1433,1863,3193,0.00107875,Naive1|Naive2|Naive3,L67284,3
L67792,2,0,1,1,1433,1863,3193,0.00030821,Naive2|Naive3,L67792,4
L67907,3,1,0,2,1433,1863,3193,0.00046232,Naive1|Naive3,L67907,4
L67920,1,0,0,1,1433,1863,3193,0.00015411,Naive3,L67920,1
L68231,10,1,3,6,1433,1863,3193,0.00154107,Naive1|Naive2|Naive3,L68231,0
L68277,7,1,1,5,1433,1863,3193,0.00107875,Naive1|Naive2|Naive3,L68277,4
L68311,14,1,6,7,1433,1863,3193,0.0021575,Naive1|Naive2|Naive3,L68311,2
L68739,1,0,0,1,1433,1863,3193,0.00015411,Naive3,L68739,2
L68749,1,1,0,0,1433,1863,3193,0.00015411,Naive1,L68749,0
L68970,1,0,0,1,1433,1863,3193,0.00015411,Naive3,L68970,3
L69200,2,1,1,0,1433,1863,3193,0.00030821,Naive1|Naive2,L69200,3
L69282,1,0,0,1,1433,1863,3193,0.00015411,Naive3,L69282,3
L69904,5,0,1,4,1433,1863,3193,0.00077053,Naive2|Naive3,L69904,4
L70348,2,2,0,0,1433,1863,3193,0.00030821,Naive1,L70348,3
L70542,2,0,1,1,1433,1863,3193,0.00030821,Naive2|Naive3,L70542,1
L70669,88,14,37,37,1433,1863,3193,0.01356141,Naive1|Naive2|Naive3,L70669,3
L70717,1,0,0,1,1433,1863,3193,0.00015411,Naive3,L70717,1
L71065,1,0,1,0,1433,1863,3193,0.00015411,Naive2,L71065,4
L7120,6,3,1,2,1433,1863,3193,0.00092464,Naive1|Naive2|Naive3,L7120,3
L71758,2,1,1,0,1433,1863,3193,0.00030821,Naive1|Naive2,L71758,0
L72050,6,2,0,4,1433,1863,3193,0.00092464,Naive1|Naive3,L72050,0
L72250,1,0,0,1,1433,1863,3193,0.00015411,Naive3,L72250,1
L72287,3,1,0,2,1433,1863,3193,0.00046232,Naive1|Naive3,L72287,1
L72383,1,1,0,0,1433,1863,3193,0.00015411,Naive1,L72383,2
L72864,6,1,2,3,1433,1863,3193,0.00092464,Naive1|Naive2|Naive3,L72864,3
L73196,2,0,1,1,1433,1863,3193,0.00030821,Naive2|Naive3,L73196,2
L73244,2,2,0,0,1433,1863,3193,0.00030821,Naive1,L73244,0
L73528,2,0,1,1,1433,1863,3193,0.00030821,Naive2|Naive3,L73528,0
L73592,5,2,3,0,1433,1863,3193,0.00077053,Naive1|Naive2,L73592,3
L73599,1,0,0,1,1433,1863,3193,0.00015411,Naive3,L73599,2
L74009,3,2,0,1,1433,1863,3193,0.00046232,Naive1|Naive3,L74009,1
L74026,1,0,0,1,1433,1863,3193,0.00015411,Naive3,L74026,0
L74036,1,0,1,0,1433,1863,3193,0.00015411,Naive2,L74036,2
L7412,7,2,3,2,1433,1863,3193,0.00107875,Naive1|Naive2|Naive3,L7412,3
L74748,2,0,1,1,1433,1863,3193,0.00030821,Naive2|Naive3,L74748,3
L74841,3,1,2,0,1433,1863,3193,0.00046232,Naive1|Naive2,L74841,4
L75392,36,8,18,10,1433,1863,3193,0.00554785,Naive1|Naive2|Naive3,L75392,4
L75467,1,0,1,0,1433,1863,3193,0.00015411,Naive2,L75467,1
L75591,3,0,0,3,1433,1863,3193,0.00046232,Naive3,L75591,0
L75819,2,0,0,2,1433,1863,3193,0.00030821,Naive3,L75819,1
L76201,5,0,1,4,1433,1863,3193,0.00077053,Naive2|Naive3,L76201,2
L76358,1,0,1,0,1433,1863,3193,0.00015411,Naive2,L76358,0
L76557,1,0,0,1,1433,1863,3193,0.00015411,Naive3,L76557,4
L76568,16,5,4,7,1433,1863,3193,0.00246571,Naive1|Naive2|Naive3,L76568,0
L76646,2,0,0,2,1433,1863,3193,0.00030821,Naive3,L76646,2
L76856,3,2,0,1,1433,1863,3193,0.00046232,Naive1|Naive3,L76856,4
L76866,1,0,1,0,1433,1863,3193,0.00015411,Naive2,L76866,3
L76975,1,1,0,0,1433,1863,3193,0.00015411,Naive1,L76975,2
L77171,1,0,1,0,1433,1863,3193,0.00015411,Naive2,L77171,0
L77190,5,0,0,5,1433,1863,3193,0.00077053,Naive3,L77190,2
L77253,1,0,0,1,1433,1863,3193,0.00015411,Naive3,L77253,4
L77289,1,0,0,1,1433,1863,3193,0.00015411,Naive3,L77289,4
L77443,16,2,8,6,1433,1863,3193,0.00246571,Naive1|Naive2|Naive3,L77443,2
L77600,1,1,0,0,1433,1863,3193,0.00015411,Naive1,L77600,4
L77622,4,1,1,2,1433,1863,3193,0.00061643,Naive1|Naive2|Naive3,L77622,4
L7778,1,0,1,0,1433,1863,3193,0.00015411,Naive2,L7778,4
L7798,1,0,1,0,1433,1863,3193,0.00015411,Naive2,L7798,1
L78432,4,1,0,3,1433,1863,3193,0.00061643,Naive1|Naive3,L78432,4
L78498,1,0,0,1,1433,1863,3193,0.00015411,Naive3,L78498,3
L78561,8,1,2,5,1433,1863,3193,0.00123286,Naive1|Naive2|Naive3,L78561,2
L78888,1,0,1,0,1433,1863,3193,0.00015411,Naive2,L78888,4
L79015,3,0,1,2,1433,1863,3193,0.00046232,Naive2|Naive3,L79015,1
L79366,1,0,1,0,1433,1863,3193,0.00015411,Naive2,L79366,4
L79584,1,0,0,1,1433,1863,3193,0.00015411,Naive3,L79584,2
L79914,3,2,1,0,1433,1863,3193,0.00046232,Naive1|Naive2,L79914,0
L8006,4,0,1,3,1433,1863,3193,0.00061643,Naive2|Naive3,L8006,4
L80068,1,0,1,0,1433,1863,3193,0.00015411,Naive2,L80068,0
L80184,4,0,2,2,1433,1863,3193,0.00061643,Naive2|Naive3,L80184,3
L80217,2,0,0,2,1433,1863,3193,0.00030821,Naive3,L80217,4
L80268,1,1,0,0,1433,1863,3193,0.00015411,Naive1,L80268,2
L80342,22,8,4,10,1433,1863,3193,0.00339035,Naive1|Naive2|Naive3,L80342,1
L80626,1,0,1,0,1433,1863,3193,0.00015411,Naive2,L80626,3
L81048,1,0,0,1,1433,1863,3193,0.00015411,Naive3,L81048,4
L81084,1,0,0,1,1433,1863,3193,0.00015411,Naive3,L81084,2
L81421,5,1,0,4,1433,1863,3193,0.00077053,Naive1|Naive3,L81421,0
L81641,1,1,0,0,1433,1863,3193,0.00015411,Naive1,L81641,0
L81738,18,6,6,6,1433,1863,3193,0.00277393,Naive1|Naive2|Naive3,L81738,0
L82032,13,4,4,5,1433,1863,3193,0.00200339,Naive1|Naive2|Naive3,L82032,4
L82077,4,0,0,4,1433,1863,3193,0.00061643,Naive3,L82077,4
L82689,1,1,0,0,1433,1863,3193,0.00015411,Naive1,L82689,4
L82788,3,3,0,0,1433,1863,3193,0.00046232,Naive1,L82788,3
L82823,10,1,2,7,1433,1863,3193,0.00154107,Naive1|Naive2|Naive3,L82823,1
L82908,1,0,1,0,1433,1863,3193,0.00015411,Naive2,L82908,3
L82979,45,7,14,24,1433,1863,3193,0.00693481,Naive1|Naive2|Naive3,L82979,2
L83489,3,0,1,2,1433,1863,3193,0.00046232,Naive2|Naive3,L83489,4
L83701,1,0,0,1,1433,1863,3193,0.00015411,Naive3,L83701,2
L8380,2,0,0,2,1433,1863,3193,0.00030821,Naive3,L8380,0
L8387,27,7,6,14,1433,1863,3193,0.00416089,Naive1|Naive2|Naive3,L8387,0
L84010,23,7,7,9,1433,1863,3193,0.00354446,Naive1|Naive2|Naive3,L84010,3
L84024,1,1,0,0,1433,1863,3193,0.00015411,Naive1,L84024,0
L84060,4,1,2,1,1433,1863,3193,0.00061643,Naive1|Naive2|Naive3,L84060,4
L8434,20,2,6,12,1433,1863,3193,0.00308214,Naive1|Naive2|Naive3,L8434,0
L84351,34,7,12,15,1433,1863,3193,0.00523964,Naive1|Naive2|Naive3,L84351,3
L8437,1,0,1,0,1433,1863,3193,0.00015411,Naive2,L8437,0
L84404,1,0,0,1,1433,1863,3193,0.00015411,Naive3,L84404,4
L84720,1,1,0,0,1433,1863,3193,0.00015411,Naive1,L84720,0
L84803,1,0,1,0,1433,1863,3193,0.00015411,Naive2,L84803,4
L85031,8,2,1,5,1433,1863,3193,0.00123286,Naive1|Naive2|Naive3,L85031,0
L85759,1,1,0,0,1433,1863,3193,0.00015411,Naive1,L85759,2
L85766,2,0,0,2,1433,1863,3193,0.00030821,Naive3,L85766,3
L85780,1,0,1,0,1433,1863,3193,0.00015411,Naive2,L85780,4
L85922,4,0,2,2,1433,1863,3193,0.00061643,Naive2|Naive3,L85922,0
L85940,4,1,1,2,1433,1863,3193,0.00061643,Naive1|Naive2|Naive3,L85940,3
L86391,1,0,0,1,1433,1863,3193,0.00015411,Naive3,L86391,4
L86394,28,3,12,13,1433,1863,3193,0.00431499,Naive1|Naive2|Naive3,L86394,1
L870,4,1,0,3,1433,1863,3193,0.00061643,Naive1|Naive3,L870,2
L87202,3,1,0,2,1433,1863,3193,0.00046232,Naive1|Naive3,L87202,2
L87366,26,5,8,13,1433,1863,3193,0.00400678,Naive1|Naive2|Naive3,L87366,3
L879,7,2,3,2,1433,1863,3193,0.00107875,Naive1|Naive2|Naive3,L879,2
L88206,1,0,0,1,1433,1863,3193,0.00015411,Naive3,L88206,1
L88295,1,0,0,1,1433,1863,3193,0.00015411,Naive3,L88295,3
L88421,1,0,1,0,1433,1863,3193,0.00015411,Naive2,L88421,3
L88461,20,5,6,9,1433,1863,3193,0.00308214,Naive1|Naive2|Naive3,L88461,3
L88830,2,0,2,0,1433,1863,3193,0.00030821,Naive2,L88830,1
L88932,1,1,0,0,1433,1863,3193,0.00015411,Naive1,L88932,2
L89007,1,0,0,1,1433,1863,3193,0.00015411,Naive3,L89007,1
L89382,2,0,0,2,1433,1863,3193,0.00030821,Naive3,L89382,2
L8950,2,0,0,2,1433,1863,3193,0.00030821,Naive3,L8950,3
L89642,1,1,0,0,1433,1863,3193,0.00015411,Naive1,L89642,0
L89723,1,0,0,1,1433,1863,3193,0.00015411,Naive3,L89723,1
L90423,2,1,0,1,1433,1863,3193,0.00030821,Naive1|Naive3,L90423,4
L90680,2,0,1,1,1433,1863,3193,0.00030821,Naive2|Naive3,L90680,1
L91035,6,0,3,3,1433,1863,3193,0.00092464,Naive2|Naive3,L91035,3
L91046,1,1,0,0,1433,1863,3193,0.00015411,Naive1,L91046,1
L91099,2,1,0,1,1433,1863,3193,0.00030821,Naive1|Naive3,L91099,0
L91183,1,0,1,0,1433,1863,3193,0.00015411,Naive2,L91183,1
L91412,1,1,0,0,1433,1863,3193,0.00015411,Naive1,L91412,3
L91803,4,1,0,3,1433,1863,3193,0.00061643,Naive1|Naive3,L91803,3
L9220,1,1,0,0,1433,1863,3193,0.00015411,Naive1,L9220,2
L9239,1,0,1,0,1433,1863,3193,0.00015411,Naive2,L9239,0
L92515,4,1,1,2,1433,1863,3193,0.00061643,Naive1|Naive2|Naive3,L92515,3
L9253,1,1,0,0,1433,1863,3193,0.00015411,Naive1,L9253,3
L92536,1,1,0,0,1433,1863,3193,0.00015411,Naive1,L92536,1
L92556,2,1,1,0,1433,1863,3193,0.00030821,Naive1|Naive2,L92556,0
L92779,1,0,1,0,1433,1863,3193,0.00015411,Naive2,L92779,2
L93306,2,0,1,1,1433,1863,3193,0.00030821,Naive2|Naive3,L93306,0
L93681,7,2,2,3,1433,1863,3193,0.00107875,Naive1|Naive2|Naive3,L93681,4
L9405,1,1,0,0,1433,1863,3193,0.00015411,Naive1,L9405,3
L94096,3,0,1,2,1433,1863,3193,0.00046232,Naive2|Naive3,L94096,1
L94397,1,0,0,1,1433,1863,3193,0.00015411,Naive3,L94397,0
L95076,2,0,0,2,1433,1863,3193,0.00030821,Naive3,L95076,2
L95387,1,0,1,0,1433,1863,3193,0.00015411,Naive2,L95387,3
L95404,1,0,0,1,1433,1863,3193,0.00015411,Naive3,L95404,3
L96449,16,3,2,11,1433,1863,3193,0.00246571,Naive1|Naive2|Naive3,L96449,2
L96601,13,5,1,7,1433,1863,3193,0.00200339,Naive1|Naive2|Naive3,L96601,1
L96686,5,1,0,4,1433,1863,3193,0.00077053,Naive1|Naive3,L96686,2
L96744,1,0,1,0,1433,1863,3193,0.00015411,Naive2,L96744,4
L9682,2,0,0,2,1433,1863,3193,0.00030821,Naive3,L9682,1
L97020,1,0,1,0,1433,1863,3193,0.00015411,Naive2,L97020,4
L97246,2,2,0,0,1433,1863,3193,0.00030821,Naive1,L97246,0
L97495,1,0,1,0,1433,1863,3193,0.00015411,Naive2,L97495,0
L97812,1,0,1,0,1433,1863,3193,0.00015411,Naive2,L97812,4
L97975,7,0,4,3,1433,1863,3193,0.00107875,Naive2|Naive3,L97975,4
L98246,7,1,3,3,1433,1863,3193,0.00107875,Naive1|Naive2|Naive3,L98246,3
L98440,2,0,0,2,1433,1863,3193,0.00030821,Naive3,L98440,0
L98471,5,2,1,2,1433,1863,3193,0.00077053,Naive1|Naive2|Naive3,L98471,2
L98475,7,2,0,5,1433,1863,3193,0.00107875,Naive1|Naive3,L98475,0
L98634,38,8,16,14,1433,1863,3193,0.00585606,Naive1|Naive2|Naive3,L98634,2
L98676,1,0,0,1,1433,1863,3193,0.00015411,Naive3,L98676,4
L98757,1,0,1,0,1433,1863,3193,0.00015411,Naive2,L98757,1
L98949,3,0,3,0,1433,1863,3193,0.00046232,Naive2,L98949,4
L98994,2,1,0,1,1433,1863,3193,0.00030821,Naive1|Naive3,L98994,0
L99144,3,0,0,3,1433,1863,3193,0.00046232,Naive3,L99144,2
L99360,3,0,0,3,1433,1863,3193,0.00046232,Naive3,L99360,1
L99829,3,0,2,1,1433,1863,3193,0.00046232,Naive2|Naive3,L99829,4
L99904,1,1,0,0,1433,1863,3193,0.00015411,Naive1,L99904,0
L99912,2,1,0,1,1433,1863,3193,0.00030821,Naive1|Naive3,L99912,2
