lineage	naive	Dabrafenib	Trametinib	CoCl2	Acid	Cisplatin	Doxorubicin
L100114	0	2	0	0	0	0	0
L100127	0	0	0	0	0	0	1
L100162	1	0	0	0	0	0	0
L100612	0	2	1	0	0	0	0
L100615	5	0	0	0	0	0	1
L100688	2	2	5	0	2	0	0
L100742	1	0	0	0	0	0	0
L100814	20	9	3	0	24	3	10
L101216	2	0	0	0	1	0	1
L101260	4	2	2	0	1	0	1
L101478	0	1	1	0	0	0	0
L101589	0	2	0	0	0	0	0
L101691	0	17	69	0	1	0	1
L101845	0	0	0	0	1	0	0
L102089	1	0	0	0	3	0	1
L102163	0	19	8	0	0	0	0
L102318	0	0	0	0	1	0	0
L102323	0	0	0	0	0	0	1
L102359	0	0	0	0	0	1	0
L102444	6	0	0	3	3	0	0
L102484	1	5	1	0	8	0	0
L10299	15	0	0	2	17	4	1
L103055	5	0	0	0	0	0	0
L103132	0	0	0	0	0	0	4
L103241	0	0	0	0	1	0	0
L103561	3	1	7	0	0	0	0
L103697	0	2	0	0	0	0	0
L10380	0	0	0	0	1	1	0
L103874	1	0	0	0	0	0	0
L104099	17	7	4	1	14	3	23
L10419	6	0	0	1	7	0	1
L104567	0	0	1	0	0	0	0
L10467	1	0	0	0	0	0	0
L104690	6	0	0	0	4	0	2
L104947	6	1	1	1	3	1	0
L10501	0	0	0	0	0	0	2
L105309	0	0	0	0	0	0	2
L105502	1	0	0	0	1	0	0
L10551	2	0	0	0	0	0	0
L105784	3	0	0	0	0	0	0
L105791	0	0	1	0	1	0	0
L105849	1	0	1	0	2	0	0
L106015	4	2	0	5	11	0	1
L106119	2	0	0	0	9	1	0
L106362	0	29	25	0	0	0	0
L106449	1	0	0	0	0	0	0
L106627	0	0	0	0	0	1	0
L106663	1	0	0	0	0	0	0
L10693	1	0	0	0	0	0	0
L106934	1	0	0	0	0	0	0
L106945	5	0	0	0	1	0	0
L107042	1	0	0	0	0	0	0
L107045	0	0	1	0	0	0	2
L10717	7	10	16	7	8	1	4
L107403	3	0	1	1	1	2	8
L107464	0	0	0	0	1	0	0
L107467	17	0	0	3	1	0	1
L107482	1	0	0	0	0	0	0
L107483	2	0	0	0	0	0	0
L107578	4	0	0	0	4	0	2
L108005	1	0	0	0	0	0	0
L108076	1	0	0	1	0	0	0
L108181	1	0	0	0	0	0	0
L108203	0	0	0	0	0	0	1
L108255	0	0	0	0	1	0	0
L108266	1	0	0	0	0	0	0
L108277	0	0	0	0	0	0	2
L108679	0	0	0	0	2	0	0
L109007	2	0	0	0	4	0	0
L109019	9	0	0	2	10	2	9
L109062	0	0	0	0	1	0	0
L109108	1	3	2	10	2	0	0
L109168	2	0	0	0	2	0	0
L109193	5	0	0	2	4	0	1
L109235	0	1	0	0	0	0	0
L109302	0	1	0	0	0	0	0
L109560	2	0	0	0	1	1	0
L109676	3	0	0	2	1	0	1
L109790	7	0	0	0	0	0	0
L109808	4	2	0	0	3	1	0
L109937	4	11	7	0	3	0	0
L110326	0	0	0	0	0	0	1
L110420	0	0	0	1	9	0	1
L11049	3	0	0	1	1	0	0
L110493	1	0	0	0	0	0	0
L110662	0	0	0	0	0	0	2
L110750	0	0	0	0	1	2	0
L110786	0	0	0	0	1	0	0
L1108	0	0	0	0	1	0	0
L110835	1	0	2	0	1	0	0
L110895	1	0	0	0	0	0	1
L110978	0	0	0	0	1	0	0
L111468	0	0	0	1	0	0	0
L111615	1	0	0	0	0	0	0
L111734	2	0	0	0	5	0	0
L112164	24	0	1	0	19	0	6
L11252	0	0	0	0	0	0	1
L112548	17	1	1	1	1	0	4
L112736	1	0	0	0	0	0	0
L112980	1	2	0	0	2	1	0
L113046	2	0	0	0	1	0	0
L113265	2	0	0	0	1	0	0
L113271	9	11	9	5	39	1	1
L11328	2	0	0	0	0	1	0
L113296	0	0	0	0	0	0	1
L113417	0	1	0	0	0	0	0
L113521	1	0	1	1	1	0	0
L113556	1	0	0	0	0	0	0
L113568	0	0	0	0	1	0	0
L113820	6	0	0	0	1	0	2
L114035	3	0	0	0	3	0	0
L114118	13	7	1	0	27	1	6
L114326	3	0	0	0	0	0	0
L114452	6	1	0	0	6	0	1
L114468	0	0	0	0	1	0	0
L11473	12	3	3	4	9	1	1
L114943	0	0	0	0	0	1	0
L11519	1	0	0	0	1	0	0
L11521	0	0	0	0	3	0	0
L115333	1	0	0	0	0	0	0
L115623	1	0	0	0	0	0	0
L115630	1	0	0	0	0	0	0
L115717	10	0	7	0	2	1	1
L11587	1	0	0	0	0	0	0
L115891	2	0	1	0	0	0	0
L115936	4	0	0	0	0	0	0
L116006	1	0	0	1	2	0	0
L116152	9	0	0	1	11	0	3
L116189	12	0	0	1	3	0	1
L116200	4	0	6	0	54	0	1
L116215	1	0	0	0	0	0	0
L11625	0	0	0	0	1	0	0
L116287	12	0	0	0	5	0	9
L116375	2	6	9	4	4	0	0
L116548	1	0	0	0	0	0	0
L116892	0	0	0	0	0	0	2
L116970	0	0	0	1	0	0	0
L117083	0	3	4	0	1	0	0
L117154	7	21	60	0	3	0	0
L117240	0	0	0	0	2	1	0
L117405	0	0	0	0	1	0	0
L117490	0	0	0	0	1	0	0
L117526	7	0	1	3	8	0	0
L117539	0	0	1	0	0	0	0
L117620	1	0	0	0	0	0	0
L117646	2	0	0	0	2	0	0
L117808	0	0	0	0	1	0	1
L117869	0	1	2	1	0	0	1
L117889	2	0	0	0	0	0	1
L117984	2	0	0	0	0	0	0
L118061	0	0	0	0	0	0	1
L118217	3	50	68	0	1	0	0
L118229	1	0	0	0	0	0	0
L118399	2	0	0	1	0	0	0
L118470	1	0	0	0	1	0	0
L118613	6	3	0	1	2	2	0
L118637	2	0	0	0	0	0	0
L118750	1	9	17	1	0	0	0
L11899	2	0	0	0	0	0	0
L119505	0	0	0	0	8	1	0
L119626	0	0	1	0	0	0	0
L119723	0	0	1	0	0	0	0
L119834	7	3	0	1	4	1	2
L120114	0	0	0	0	1	0	0
L120471	2	0	0	0	0	1	2
L120774	0	0	0	0	2	0	0
L121361	0	1	0	0	0	0	0
L121403	0	0	0	0	1	0	0
L121410	0	0	0	0	1	0	0
L121449	1	0	0	0	0	0	0
L121483	0	0	0	0	2	0	0
L121505	1	1	1	0	0	1	0
L121579	0	1	0	0	0	0	0
L121689	4	3	0	2	8	1	0
L121720	0	1	0	0	0	0	0
L121954	0	1	0	0	0	0	0
L122299	0	0	0	0	0	1	0
L122300	3	0	0	1	1	0	2
L122873	1	0	0	0	0	0	0
L12301	3	0	0	0	1	0	0
L123189	0	0	0	0	1	0	0
L123461	2	0	0	0	0	0	0
L123566	1	1	3	1	0	0	1
L123574	14	1	0	0	12	9	12
L124049	3	0	0	2	2	0	0
L124052	35	10	0	5	19	0	2
L124157	1	0	0	0	0	0	0
L124427	0	0	0	0	0	1	0
L124481	2	0	0	0	0	1	0
L12461	0	0	0	0	0	0	1
L124669	1	1	0	0	0	0	0
L124760	0	0	0	0	2	0	0
L124938	0	0	0	0	0	0	3
L124958	0	0	0	0	0	0	4
L125192	1	0	0	0	0	1	0
L125211	0	0	0	0	3	0	0
L125292	0	0	0	1	1	0	0
L125495	1	0	0	0	0	0	0
L126049	1	0	0	0	0	0	0
L126246	0	0	0	0	0	0	1
L126247	6	0	3	1	4	0	4
L12626	0	0	1	0	0	0	0
L126412	0	0	0	0	0	0	1
L126445	4	0	0	0	4	0	0
L126454	0	0	0	0	1	0	0
L126525	0	0	0	0	1	0	0
L126601	0	0	0	0	2	0	0
L126645	1	0	0	0	0	0	0
L126692	0	0	1	0	0	0	0
L126735	6	4	0	10	1	0	0
L126769	0	0	0	0	0	0	1
L126774	0	1	0	0	0	0	0
L126892	2	0	0	0	0	0	0
L126909	1	0	0	0	0	0	0
L126980	0	0	0	0	0	0	1
L127213	2	0	0	0	0	0	0
L127323	2	6	11	0	11	0	1
L127688	3	0	0	0	0	0	0
L127755	0	0	0	1	1	0	0
L128433	1	22	8	0	0	0	0
L128570	2	0	1	0	0	1	0
L128622	0	0	0	0	2	0	1
L12881	0	0	0	0	0	2	0
L128910	1	0	0	0	0	0	0
L12904	13	0	0	1	1	0	1
L129056	8	0	0	0	0	0	0
L12916	1	0	0	0	0	0	0
L129163	2	0	0	0	0	0	2
L129215	0	0	1	0	0	0	0
L129221	1	0	0	3	2	0	0
L129285	2	0	0	0	0	0	0
L129541	2	0	0	0	0	0	1
L129559	0	0	0	0	1	0	0
L12989	15	3	4	6	24	4	13
L129903	0	1	0	0	0	0	0
L129963	1	0	0	0	0	0	0
L129976	1	0	0	0	0	0	1
L130189	0	1	0	0	2	0	0
L130227	0	0	0	0	1	0	0
L130314	2	0	0	3	2	1	0
L130322	0	0	0	0	2	0	0
L130334	13	6	6	12	22	1	0
L130673	0	1	0	0	0	0	0
L13072	0	0	0	0	1	0	0
L130744	0	0	0	0	0	1	0
L130771	2	0	0	0	0	0	0
L131040	1	0	0	0	0	0	0
L131195	1	0	0	0	1	0	0
L131550	0	0	1	0	0	0	0
L131755	8	0	0	0	1	0	0
L131897	13	0	0	0	11	5	2
L132063	6	0	0	0	0	1	0
L132173	4	2	0	0	0	0	0
L132236	1	0	0	0	0	1	0
L1323	1	0	0	0	0	0	0
L132329	2	0	0	0	3	0	0
L132364	1	0	0	0	0	0	0
L132385	1	0	0	1	0	0	0
L132506	2	16	12	0	0	0	0
L132676	0	0	0	0	1	0	0
L13291	0	0	0	0	0	1	0
L132926	1	0	0	0	0	0	0
L133025	1	0	0	0	0	0	0
L133077	1	1	0	0	3	1	0
L133306	0	0	0	0	1	0	0
L133390	0	6	2	0	0	0	0
L133458	2	77	85	0	1	1	1
L133480	1	1	0	0	0	0	0
L133500	0	0	0	0	0	0	2
L133506	0	0	0	0	0	1	1
L134047	0	2	0	0	0	0	0
L134189	0	0	1	0	0	0	0
L134289	1	0	0	0	0	0	0
L134452	1	0	0	0	0	0	0
L134865	0	0	0	0	1	0	0
L1349	0	0	0	0	1	0	0
L134972	0	0	0	0	0	0	2
L134978	0	0	0	0	1	0	0
L135014	6	0	0	0	1	0	0
L13507	0	1	0	0	0	0	0
L135446	5	1	0	1	2	0	0
L135513	3	0	0	0	11	0	1
L135540	2	0	0	0	0	1	0
L135566	0	0	0	0	0	0	1
L135657	1	0	0	0	1	0	0
L135694	0	1	1	0	0	0	0
L135709	3	1	3	0	3	0	0
L135998	2	1	0	0	7	0	0
L136268	0	1	0	0	0	0	0
L136317	2	0	0	0	0	0	0
L13633	14	1	2	0	27	0	2
L136420	0	0	0	0	0	0	1
L136444	1	0	0	0	0	0	0
L136970	2	0	0	0	0	0	0
L13712	5	0	0	6	9	0	0
L137162	1	0	0	0	0	0	0
L13717	1	1	0	0	0	0	0
L137302	0	0	0	0	0	0	1
L137611	39	4	3	11	19	4	10
L137746	2	2	3	0	0	0	0
L13780	1	0	0	0	0	0	0
L138044	0	0	1	0	0	0	0
L138125	7	0	0	4	5	1	1
L138167	0	0	0	0	0	0	1
L13818	25	1	0	1	24	2	2
L138181	2	0	0	0	0	0	0
L138182	0	0	1	0	0	0	0
L138440	2	0	0	0	2	0	0
L138458	1	0	0	0	2	0	0
L138589	2	0	0	0	0	0	0
L138906	8	0	0	1	12	0	2
L139032	3	0	0	0	5	0	0
L139081	5	25	13	1	0	0	1
L139117	0	0	0	0	0	0	1
L139173	0	0	1	5	0	0	0
L139209	3	0	1	0	12	0	1
L139492	1	0	0	1	0	0	0
L139565	12	0	0	0	8	3	0
L139596	0	0	0	0	0	0	1
L139672	1	0	0	0	0	0	0
L139713	14	0	0	5	3	1	3
L139716	2	0	1	0	0	0	0
L139972	1	0	0	0	0	0	0
L14004	0	0	0	0	2	0	0
L140054	5	6	0	2	9	1	1
L140099	1	0	0	0	0	0	0
L140100	1	0	0	0	0	0	0
L140520	1	0	0	1	0	0	0
L140686	1	0	0	2	0	0	2
L14083	0	0	0	0	1	0	0
L141027	4	0	0	0	5	0	0
L141173	1	0	0	0	0	0	0
L141176	2	0	0	0	2	0	0
L141542	0	0	0	0	0	0	4
L14194	1	0	0	0	2	0	0
L142069	3	1	0	1	3	0	0
L142131	2	0	1	0	0	0	0
L142448	3	0	0	0	1	0	0
L142874	0	0	0	0	0	0	1
L143061	2	0	0	0	0	0	0
L143380	0	0	0	0	1	0	0
L143411	0	0	0	0	1	0	0
L143472	1	0	0	0	0	0	0
L14359	0	0	2	3	3	1	0
L143620	1	0	0	0	0	0	0
L143646	0	0	0	0	1	0	0
L143688	0	0	0	0	1	0	0
L143819	3	0	0	0	1	1	0
L143842	0	0	1	0	0	0	0
L144044	1	0	0	1	0	0	0
L144132	6	0	1	0	0	0	1
L144495	4	0	0	0	2	0	0
L144515	0	0	0	0	1	0	0
L144579	1	0	1	1	1	0	0
L145001	0	0	0	0	0	0	1
L145010	5	0	0	0	5	2	2
L145071	0	1	4	0	0	0	0
L145073	20	0	0	1	50	0	0
L145077	3	0	0	0	2	1	0
L145263	27	0	0	0	9	0	2
L145281	2	0	0	0	1	0	2
L145460	1	0	0	0	2	0	0
L145805	0	0	0	0	0	0	1
L146097	0	0	0	0	1	0	0
L146652	0	0	1	0	0	0	6
L146674	6	5	9	2	5	0	0
L146723	0	0	0	0	0	0	1
L146813	0	0	0	0	0	1	0
L146976	5	8	1	1	2	1	2
L14709	0	0	0	0	0	1	0
L147347	18	0	0	17	8	1	1
L147531	0	0	0	0	0	0	1
L147565	0	0	0	0	1	0	0
L147786	0	0	0	0	0	0	1
L148031	0	1	0	0	0	0	0
L148234	0	0	0	0	1	0	0
L148401	3	0	0	0	0	0	0
L14859	0	1	0	0	1	0	2
L148876	4	122	191	0	0	1	3
L149180	0	0	0	0	1	0	0
L149284	1	0	0	0	0	0	0
L149347	0	1	1	0	1	0	0
L149354	8	0	0	0	5	0	0
L149376	6	0	0	0	2	1	0
L14939	2	0	0	0	0	0	1
L149612	18	2	0	3	14	2	2
L149732	0	0	0	0	1	0	0
L150059	2	0	0	0	0	0	0
L150113	0	0	0	0	1	0	0
L150180	0	43	114	1	0	0	0
L15037	1	0	0	0	3	0	0
L150390	0	0	0	0	0	0	5
L150535	0	0	0	0	1	1	0
L150552	1	1	0	0	0	0	0
L150587	2	1	0	0	0	0	0
L150868	4	0	0	1	9	0	0
L150883	0	1	0	0	0	0	0
L151380	10	1	0	1	1	1	2
L151394	0	0	0	0	0	0	1
L151450	0	0	0	0	1	0	0
L151856	0	1	0	0	0	0	0
L151909	1	0	0	0	0	0	0
L151921	1	0	0	0	0	0	0
L152240	0	1	0	0	0	0	0
L152330	4	0	0	0	0	0	0
L152381	0	0	0	1	0	0	0
L152456	1	0	0	0	0	0	0
L152572	3	0	0	3	3	0	1
L152763	0	1	0	0	0	0	0
L152903	25	10	2	2	42	2	5
L152911	1	0	0	3	5	0	1
L153373	0	0	0	1	0	0	0
L153406	0	9	4	0	0	0	0
L153469	9	7	20	0	7	2	0
L153570	1	0	0	0	0	0	1
L15407	16	1	2	4	12	0	3
L154362	2	0	0	0	0	0	0
L154401	6	2	8	3	2	0	0
L154977	0	4	0	0	0	0	0
L155184	0	2	0	0	9	0	0
L155295	1	0	0	2	0	0	2
L155362	0	0	0	0	3	0	0
L155592	1	0	0	0	0	0	0
L15582	1	0	0	0	2	3	0
L155963	9	0	0	5	17	1	3
L155989	0	0	0	0	1	0	0
L156111	0	0	0	0	0	0	3
L156142	2	0	0	0	0	0	0
L156620	1	0	0	0	0	0	0
L156643	0	0	0	0	0	0	2
L156739	0	0	0	0	0	0	1
L157007	0	0	0	0	1	0	0
L157133	0	0	0	0	1	0	0
L157245	0	3	0	0	0	0	0
L157315	0	62	2	0	0	0	0
L157332	0	0	0	0	0	0	1
L157532	0	0	0	0	1	0	186
L157629	0	2	0	0	0	0	0
L157834	0	0	0	1	0	0	0
L157880	1	1	1	2	1	0	0
L15794	0	0	1	0	0	0	0
L15809	13	0	0	3	18	0	2
L158293	0	0	0	0	1	0	0
L158461	1	2	1	0	2	0	0
L158477	0	0	0	0	0	0	1
L158831	0	1	0	0	0	0	0
L15899	1	0	0	0	0	0	0
L159109	0	0	0	0	1	0	0
L159186	1	1	0	1	0	0	0
L159393	3	0	1	0	0	0	1
L159580	0	0	1	0	0	0	0
L159660	6	2	0	0	12	0	1
L159831	1	1	1	0	1	0	0
L160014	0	16	0	0	0	0	0
L16003	0	0	0	0	3	0	0
L16013	1	17	7	0	0	0	0
L160197	1	0	0	0	0	0	1
L160396	0	0	3	0	3	0	0
L160551	1	0	0	0	0	0	0
L160569	1	0	0	0	0	0	0
L160779	0	0	0	0	2	0	1
L160800	0	0	1	0	0	0	0
L160952	3	1	2	0	1	2	0
L160965	0	1	3	0	0	0	0
L161079	3	0	0	0	1	1	1
L161294	0	1	0	0	0	0	0
L161593	1	0	0	0	2	0	0
L161723	2	0	0	0	0	0	0
L16178	10	1	0	0	42	1	7
L161896	0	0	0	1	0	0	0
L161943	3	0	1	0	4	0	0
L161977	20	0	0	1	43	2	0
L162222	1	1	0	0	0	0	0
L162258	0	0	0	0	0	0	1
L162367	1	0	0	0	0	0	0
L16238	5	0	0	6	4	0	4
L16242	3	0	0	2	7	2	0
L162604	13	0	4	6	35	2	1
L162831	0	0	1	0	0	0	0
L16294	5	0	0	0	5	0	0
L163026	0	1	0	0	0	0	0
L163387	1	0	7	0	0	0	0
L16358	1	0	0	0	3	0	0
L163598	0	0	0	0	0	0	4
L163616	1	0	0	0	0	0	0
L163666	0	1	1	2	0	0	0
L163721	1	0	0	0	0	0	0
L164293	1	0	0	0	1	0	0
L164299	1	0	0	0	0	0	0
L164340	0	234	1417	0	0	0	0
L16438	11	1	0	0	13	1	0
L164596	0	1	0	0	0	0	0
L164614	8	0	0	0	0	0	0
L164617	2	0	0	0	0	0	0
L164771	20	1	0	5	7	4	6
L16489	0	1	2	0	0	0	0
L164996	0	0	1	0	0	0	0
L165027	3	0	1	0	1	1	0
L165037	0	1	0	0	0	0	4
L165042	5	1	0	1	4	0	1
L165149	7	2	2	0	2	2	3
L165222	6	0	1	0	5	0	0
L165407	5	0	0	0	2	0	0
L165643	2	0	0	0	0	0	0
L165826	5	0	0	1	3	2	0
L165861	4	0	0	0	1	0	0
L165929	7	0	0	0	0	0	0
L165958	1	0	0	0	0	0	1
L16603	8	2	0	2	11	1	0
L166056	1	0	0	0	0	0	0
L166268	1	0	0	0	0	0	0
L166291	1	0	0	0	0	0	0
L166312	2	0	0	0	0	0	0
L166554	1	0	0	0	0	0	0
L166657	13	0	0	0	1	4	6
L166707	29	0	0	0	53	2	28
L166914	0	0	0	0	1	0	0
L16697	0	0	0	0	0	0	2
L16703	0	4	0	0	0	0	0
L167106	24	1	1	1	16	5	3
L167129	3	0	0	0	3	0	0
L167176	4	0	0	0	1	0	0
L167285	0	0	0	0	1	0	0
L16764	3	287	776	0	1	0	1
L167670	5	0	0	0	0	0	0
L167769	0	0	0	2	0	0	0
L1679	2	0	0	0	2	0	0
L167950	38	1	0	5	116	13	5
L167969	3	0	0	1	6	0	0
L168572	3	0	0	1	2	0	0
L168584	1	0	0	0	0	0	0
L168675	1	0	0	0	0	0	0
L16871	4	1	0	0	11	3	0
L168926	0	0	0	0	0	0	1
L168951	6	6	2	0	9	0	0
L169099	1	0	0	0	0	0	0
L169465	0	0	0	0	0	0	1
L169592	4	0	0	1	9	0	0
L169857	7	0	0	0	1	0	0
L169881	1	0	2	0	0	1	0
L169888	1	0	0	0	0	0	0
L170004	0	0	0	0	0	0	1
L170144	0	0	0	0	1	0	0
L170436	3	0	0	0	0	0	1
L170734	2	1	0	1	3	0	1
L171148	0	0	0	0	1	0	0
L17133	0	0	0	0	2	0	0
L171615	1	0	0	0	0	0	0
L171625	1	2	0	0	3	0	0
L171792	1	0	0	0	2	0	0
L171852	1	0	0	0	0	0	0
L17196	0	1	0	0	0	0	0
L172050	1	0	0	0	0	0	0
L172199	0	1	0	0	4	0	0
L172327	0	0	0	0	0	1	1
L172542	7	0	0	0	6	0	2
L172601	3	0	3	0	0	1	0
L172729	0	0	0	0	0	1	0
L172795	1	0	0	0	0	0	0
L172925	5	0	1	0	10	0	1
L172946	3	2	1	0	2	0	0
L172952	0	0	1	0	0	0	0
L173031	18	11	4	6	21	3	8
L173065	0	0	2	0	0	0	0
L173168	2	0	0	0	0	0	0
L17326	0	0	0	0	0	0	1
L173296	80	31	5	10	261	6	13
L173303	2	0	0	2	0	0	4
L173437	0	3	0	0	0	0	0
L173547	1	0	0	0	0	0	0
L173735	1	0	0	0	7	1	0
L173885	3	8	6	1	1	0	5
L173896	2	0	0	0	0	0	0
L173933	0	0	0	0	0	0	1
L174071	1	0	0	0	0	0	0
L17420	11	3	0	0	5	1	0
L174418	0	2	0	0	0	0	1
L174555	1	2	0	0	2	0	1
L174623	2	0	0	0	0	0	0
L174664	3	0	0	0	0	0	0
L174836	0	0	0	0	0	0	3
L174911	0	0	0	0	0	1	0
L175009	1	0	0	0	0	0	0
L175172	0	0	0	0	0	0	1
L175598	2	0	1	2	0	0	1
L175600	0	4	2	0	0	0	0
L176185	0	33	3	7	0	0	0
L176569	1	0	0	0	1	0	0
L176645	3	0	0	0	0	0	1
L176670	0	0	5	0	0	0	0
L177039	1	0	0	0	0	0	0
L177126	0	1	0	0	0	0	0
L177128	19	18	92	0	25	0	5
L177238	1	0	0	0	0	0	0
L177252	1	0	0	0	0	0	1
L177271	1	0	0	0	0	0	0
L177312	1	0	0	0	0	0	0
L177336	1	0	0	0	0	0	0
L177375	6	18	31	0	11	0	0
L177760	0	0	0	0	0	0	2
L177976	1	10	19	0	0	0	0
L178651	11	3	1	0	8	1	1
L17873	16	0	0	1	2	2	0
L17895	2	0	0	0	0	0	0
L179017	0	0	2	0	0	0	0
L17906	4	0	0	0	1	0	0
L179110	1	0	0	0	0	0	0
L179168	2	3	0	0	0	0	0
L17919	2	0	0	0	0	0	0
L179303	5	0	0	0	0	0	0
L179382	1	1	1	0	0	0	0
L179445	7	0	0	0	0	0	0
L179475	0	2	0	0	0	0	0
L179560	0	0	0	0	1	0	0
L179636	5	0	0	0	13	0	0
L179654	0	0	0	0	0	1	0
L179761	1	0	0	0	0	0	0
L179846	2	0	0	0	0	0	0
L180119	10	1	0	1	3	0	3
L180143	1	0	0	0	0	0	0
L180638	0	0	0	0	2	0	0
L181437	8	0	0	3	1	1	0
L181626	0	0	0	0	2	0	0
L181765	1	0	0	0	2	0	2
L181960	0	0	0	0	1	0	0
L182194	4	0	0	0	0	0	0
L182206	0	0	0	0	0	1	0
L182207	0	0	0	0	0	0	1
L182507	0	0	0	0	1	0	0
L18310	0	0	0	0	1	0	0
L183297	1	0	0	0	0	0	0
L183342	0	1	0	0	0	0	0
L183358	15	0	0	5	26	1	4
L183531	3	1	0	0	2	2	0
L183595	0	0	1	0	0	0	0
L183654	39	0	0	1	81	1	2
L18366	3	39	16	0	0	4	3
L183665	3	1	0	3	2	0	2
L183696	1	0	0	0	0	0	0
L18385	1	0	0	0	0	0	0
L183961	1	0	0	0	0	0	0
L184188	0	0	1	0	2	0	0
L184246	2	0	1	0	1	0	1
L184905	0	2	0	0	0	1	0
L184957	1	0	0	0	2	0	0
L184982	0	0	0	0	0	0	2
L185111	0	8	4	0	0	0	0
L185195	8	2	0	1	4	1	0
L185210	1	0	1	1	0	0	0
L185259	9	0	0	0	3	0	1
L185317	1	0	1	0	0	0	0
L185394	0	0	0	1	0	0	0
L185472	0	0	0	0	1	0	0
L185528	0	1	15	0	0	0	0
L185562	0	0	0	0	0	0	1
L185721	1	0	0	0	0	0	0
L185762	4	0	0	2	6	0	3
L185826	0	3	1	0	7	0	0
L18598	1	0	0	0	0	0	0
L186030	1	0	0	0	3	16	0
L18605	0	0	0	0	0	0	2
L186064	1	3	0	0	1	0	0
L186861	3	0	0	0	1	0	0
L186916	1	0	0	0	0	0	0
L186949	1	0	0	0	0	0	0
L187096	19	33	11	1	10	2	1
L187200	2	0	0	0	2	1	0
L187340	1	0	0	0	0	1	0
L187689	1	0	1	0	3	88	1
L187714	0	0	1	0	0	0	0
L187885	31	0	0	9	52	7	3
L187905	1	0	0	0	0	0	0
L188027	10	4	0	2	4	0	0
L188122	0	0	0	0	0	0	2
L18813	0	0	0	0	1	0	0
L188153	5	1	0	1	4	0	0
L188498	0	0	0	2	0	0	0
L188499	0	1	0	0	0	0	0
L188533	1	1	0	0	0	0	0
L188546	1	0	0	0	0	0	1
L188846	2	0	0	0	0	0	0
L189030	0	0	0	0	1	0	0
L189115	0	0	0	0	0	0	2
L18925	0	2	0	0	0	0	0
L189320	3	0	0	2	1	0	1
L189345	12	6	5	2	46	0	3
L189618	0	0	0	0	0	0	1
L189778	1	1	1	0	0	0	0
L189781	0	0	0	1	1	0	0
L189800	0	0	0	0	0	0	2
L190135	0	0	0	0	4	0	0
L190318	12	0	0	0	0	0	0
L190678	3	0	0	0	4	0	0
L190739	0	25	32	1	0	0	0
L190825	1	0	0	0	0	0	0
L190835	4	0	0	0	0	0	0
L190863	3	4	1	0	0	0	0
L190919	0	0	1	0	0	0	0
L191293	7	0	0	0	1	0	2
L191356	0	0	0	0	0	0	1
L191369	1	0	0	0	0	0	0
L191539	5	0	0	1	7	2	10
L191556	0	0	0	0	0	0	1
L192225	4	0	0	3	21	0	0
L192342	4	0	1	3	2	1	8
L19237	3	0	0	0	1	0	0
L192380	2	0	0	0	1	0	0
L192531	10	0	0	5	6	1	0
L192615	4	0	0	0	5	0	7
L192716	1	0	0	0	0	0	1
L192964	2	0	0	2	3	0	0
L193	1	0	0	0	0	0	0
L193060	4	0	0	1	1	0	1
L193176	2	0	0	0	0	1	0
L193296	2	0	0	0	2	0	0
L193373	4	0	0	0	2	0	0
L193404	0	0	0	0	0	1	0
L193709	0	15	2	5	0	0	0
L193808	1	0	0	0	2	0	0
L193913	0	0	0	0	0	0	1
L194064	2	1	0	0	12	0	0
L194069	3	0	0	0	1	0	0
L194103	0	0	2	1	0	0	0
L194164	1	0	0	0	0	0	0
L194420	1	0	0	0	0	1	0
L194668	0	0	1	0	0	0	1
L194820	1	0	0	0	0	0	0
L19489	19	0	0	3	19	0	3
L194933	0	0	0	4	0	0	0
L194948	0	0	0	0	0	0	2
L195450	3	0	0	0	1	0	0
L195483	7	7	3	0	12	3	0
L195595	0	0	0	0	2	0	0
L195677	3	0	0	0	0	0	0
L195812	2	0	0	0	0	0	0
L195943	2	0	0	0	0	0	0
L196307	1	0	0	0	1	0	0
L196331	1	0	0	0	0	0	0
L196382	0	0	0	0	1	0	0
L196405	6	0	0	0	2	0	1
L196691	3	1	0	0	2	0	3
L196731	2	1	1	0	0	0	0
L196945	2	0	0	0	0	0	0
L19695	1	0	0	0	0	0	1
L196980	35	2	1	0	18	2	6
L197013	1	0	0	0	0	0	1
L197388	0	0	0	0	0	1	0
L197414	13	0	19	2	13	2	1
L197628	1	0	0	0	1	0	0
L197711	0	0	0	0	0	0	1
L197771	0	0	0	0	1	0	0
L197845	2	0	0	1	0	1	0
L197925	3	0	0	1	0	1	0
L197989	0	0	0	0	1	0	0
L198037	0	0	0	0	1	0	0
L198165	0	0	0	1	1	0	0
L198322	8	0	0	0	22	1	1
L19842	0	0	0	0	0	0	1
L198433	4	1	0	0	2	1	0
L198763	1	0	0	0	0	0	2
L198915	2	0	1	0	0	0	0
L199024	17	0	0	0	24	2	1
L1993	0	0	0	0	0	0	1
L199313	1	0	0	0	0	0	0
L199560	1	0	0	0	0	0	0
L199697	0	0	1	0	0	0	1
L199831	0	0	0	0	0	0	1
L199957	1	4	1	0	0	0	0
L200008	0	0	0	0	0	0	1
L200066	2	0	0	0	0	0	0
L200082	1	1	0	0	1	0	2
L20044	0	0	1	0	0	0	1
L200891	1	1	2	0	0	0	1
L201069	0	2	2	0	0	0	1
L20109	2	3	9	0	0	0	0
L202277	0	0	0	0	2	0	0
L202367	1	0	0	0	0	0	0
L202432	1	0	0	0	1	0	0
L202454	1	2	13	0	0	0	0
L202607	1	0	0	1	2	0	2
L202688	2	0	0	0	1	0	0
L202775	6	0	0	1	2	1	0
L202878	1	0	0	0	0	0	0
L203095	2	0	0	0	0	0	0
L204032	4	0	0	0	4	0	1
L204050	1	0	0	0	1	0	4
L204112	7	1	0	3	9	0	0
L204257	1	0	0	0	0	0	0
L204285	17	16	13	4	16	2	4
L204293	0	0	0	0	0	0	1
L204342	0	1	1	0	0	0	0
L204366	3	0	0	0	0	0	0
L204569	2	3	0	0	14	1	0
L20484	0	0	0	0	1	0	0
L204924	0	6	0	0	0	0	0
L205	0	265	106	0	0	0	2
L205107	0	0	0	0	0	0	1
L205230	0	0	0	0	1	0	0
L205259	2	0	0	0	0	0	0
L205394	3	0	0	0	0	0	0
L205402	4	0	0	0	1	1	0
L205528	1	0	0	0	0	0	0
L205642	1	0	10	1	5	0	0
L205676	9	1	0	0	4	4	0
L20571	6	1	1	1	13	0	0
L205847	0	0	0	0	1	0	0
L20588	2	0	0	0	0	1	0
L206297	5	0	0	0	3	1	2
L20635	2	0	0	1	5	0	577
L206384	7	0	0	0	0	0	0
L20640	0	1	0	0	1	0	0
L206576	0	0	0	1	1	2	1
L206761	12	0	1	1	21	0	0
L206986	0	0	0	0	1	0	0
L207012	2	0	0	0	5	0	1
L20734	0	0	21	0	0	0	0
L207469	0	0	0	0	0	0	1
L207513	0	24	75	1	1	0	5
L207711	6	0	0	1	1	0	0
L207774	0	0	0	0	0	0	1
L208068	2	0	0	0	4	0	0
L208093	1	0	1	2	0	0	0
L208166	1	0	0	0	1	0	1
L20830	1	0	0	0	1	0	0
L208666	1	0	0	0	1	0	0
L208973	2	0	0	0	0	0	0
L209054	4	0	0	0	0	0	0
L209144	0	0	0	0	0	0	1
L209225	1	0	0	0	0	0	0
L209610	0	0	0	0	0	0	1
L209664	1	1	0	0	0	0	0
L209701	0	0	1	0	0	0	0
L209967	0	0	0	0	1	0	0
L210001	2	0	0	1	0	1	0
L210014	1	0	0	0	0	0	0
L210206	0	1	0	0	0	1	0
L210267	1	0	0	0	0	0	0
L210269	1	0	0	0	0	0	0
L210425	0	0	0	0	2	0	0
L210499	7	28	8	0	6	2791	0
L210699	0	0	0	0	0	1	1
L21071	0	0	0	0	2	0	0
L210749	13	0	0	3	10	0	0
L210778	0	1	0	1	1	0	0
L210870	1	0	0	0	0	1	0
L210876	2	0	0	0	0	0	0
L210885	0	0	0	0	2	0	0
L210975	0	0	0	0	0	0	1
L210992	3	0	0	0	0	0	0
L211022	0	1	0	0	0	0	0
L211180	6	0	1	8	14	1	0
L211192	0	0	0	0	1	0	0
L21123	2	0	0	0	0	0	1
L211252	1	0	0	0	0	0	0
L211266	0	1	0	0	0	0	0
L211480	1	0	0	0	0	0	0
L211555	1	0	0	0	0	0	0
L211568	1	0	0	0	0	0	0
L211735	0	0	3	0	0	0	0
L21177	5	0	0	2	1	1	0
L211832	1	0	0	0	0	0	0
L211840	5	0	0	0	2	0	1
L21191	0	0	3	41	0	0	0
L211945	0	17	3	0	0	0	0
L212182	2	0	0	0	0	0	0
L212210	8	0	0	0	0	11	1
L212295	1	0	0	1	0	0	0
L212390	1	0	0	0	0	0	0
L212486	1	0	0	0	0	0	2
L212617	9	1	0	1	0	0	0
L212632	1	0	0	0	0	1	0
L212691	0	0	0	0	0	0	1
L212764	1	2	1	6	0	0	0
L212894	0	0	0	0	0	0	1
L212929	16	8	16	0	20	0	1
L213418	0	0	0	0	1	0	0
L213572	0	0	0	0	1	0	0
L21374	0	0	0	0	2	0	0
L213774	1	0	0	0	4	0	0
L213816	1	0	0	0	0	0	0
L213986	4	4	9	2	4	1	1
L214021	4	0	0	0	0	0	0
L214520	0	1	0	0	0	0	0
L214902	0	0	0	1	0	0	0
L214973	22	7	12	2	14	5	0
L215117	1	0	0	0	0	0	0
L215300	0	0	0	0	0	0	1
L215362	2	0	0	0	0	0	0
L215374	1	0	0	0	0	0	0
L215425	1	1	0	0	0	0	0
L215898	0	2	0	0	1	0	0
L215992	5	0	0	0	1	0	0
L216346	6	1	0	0	0	0	0
L216554	1	0	0	0	1	0	1
L216702	21	0	0	4	26	0	1
L216844	0	0	0	0	1	0	0
L217032	3	0	0	0	0	0	0
L21716	3	12	3	1	4	0	2
L217371	3	1	0	2	1	0	0
L217518	1	0	0	0	0	0	0
L217633	1	0	0	0	0	0	0
L217806	0	0	0	0	0	0	2
L21782	5	0	6	1	2	0	0
L218039	1	0	0	0	0	0	0
L218300	3	1	1	0	5	1	0
L218518	6	0	0	1	2	1	0
L218598	0	0	1	0	0	0	0
L219307	78	5	7	0	40	0	14
L219614	0	0	0	0	2	0	0
L21964	1	0	0	0	0	0	0
L219802	0	0	0	0	0	0	4
L219845	0	4	0	0	0	1	0
L219938	0	0	0	0	1	0	0
L220288	1	0	0	0	1	0	0
L220404	0	0	0	0	5	0	2
L220437	1	0	0	0	0	0	0
L220469	1	0	0	0	0	0	0
L220841	0	0	0	0	2	0	0
L220884	1	0	0	0	0	0	0
L22093	2	0	0	0	1	0	0
L221160	0	1	0	0	1	0	2
L221423	0	0	0	0	1	0	0
L22145	0	1	1	0	0	0	0
L221726	3	0	0	0	3	1	1
L221871	0	0	0	1	0	0	0
L221983	4	3	0	0	6	1	0
L222606	0	0	0	0	1	0	0
L222674	1	2	0	0	0	0	0
L22281	1	0	1	0	0	0	1
L222867	24	1	0	17	13	3	3
L223068	23	13	9	5	464	2	12
L223157	2	0	0	1	0	0	0
L22350	0	2	0	0	0	0	0
L223516	0	0	1	0	0	0	0
L22366	4	14	7	0	15	0	0
L223712	0	0	0	0	0	0	1
L223841	1	0	0	0	0	0	0
L223859	2	0	0	0	0	3	1
L223878	0	0	0	0	0	1	0
L223983	2	0	0	0	2	0	0
L224160	1	0	0	0	0	0	0
L22426	1	0	0	0	0	0	0
L224455	1	0	1	0	0	0	0
L224736	0	0	0	1	0	0	0
L22481	1	0	0	0	0	0	0
L224816	12	0	0	0	3	0	0
L224863	0	1	0	0	0	0	5
L224895	2	0	0	0	0	0	0
L224921	0	1	0	0	0	0	4
L225182	0	0	0	0	1	0	0
L225516	0	5	0	0	1	0	0
L225616	2	0	0	0	0	0	0
L22635	1	50	100	0	4	1	1
L226443	0	0	6	1	2	0	0
L226711	0	0	0	0	1	0	0
L227050	6	15	1	0	3	2	0
L227178	0	0	0	0	0	0	1
L22728	0	0	72	20	0	0	0
L227315	1	0	0	0	0	0	0
L227359	16	2	0	0	21	0	1
L22744	3	0	0	0	0	0	0
L227502	9	0	0	0	7	0	0
L227640	0	1	0	0	1	0	1
L227671	2	1	1	0	1	0	0
L227801	1	0	0	0	1	0	0
L227850	0	1	0	0	3	3	1
L227975	8	1	0	0	2	1	0
L228046	0	2	122	0	0	0	0
L22805	1	0	0	0	1	0	0
L228088	3	0	0	0	1	1	1
L228182	8	2	0	0	1	4	3
L228345	1	0	0	0	2	0	0
L228412	1	0	0	0	0	0	0
L228762	0	0	0	0	0	16	0
L228798	1	0	0	0	1	0	0
L228954	0	0	0	0	2	0	0
L229019	2	12	0	0	0	0	0
L229064	1	0	0	0	4	0	2
L229095	0	1	0	0	0	0	1
L229096	6	0	1	0	4	2	0
L229098	0	1	0	0	0	0	0
L229114	1	0	0	0	0	2	1
L229152	0	1	0	0	4	0	0
L229177	1	0	0	1	3	0	3
L229269	7	0	0	0	16	0	0
L229494	7	0	0	10	8	0	0
L229661	0	0	0	0	0	0	1
L229764	2	0	0	0	1	0	0
L229874	31	0	0	1	4	0	2
L229921	0	0	0	0	1	0	0
L230167	0	0	0	0	0	0	2
L23022	3	0	0	1	1	0	0
L230229	1	0	0	0	0	0	0
L230254	0	0	0	0	2	1	0
L230392	0	0	0	0	0	0	1
L230614	1	0	0	0	0	0	4
L23071	2	0	0	0	0	0	0
L230913	25	1	2	7	6	0	3
L231007	25	5	0	1	11	2	2
L231021	1	0	0	0	0	1	0
L23111	3	5	11	0	0	0	0
L231119	1	0	0	0	0	0	0
L23121	9	0	0	0	18	1	0
L231250	0	0	0	3	0	0	0
L231298	0	0	0	0	3	0	0
L231446	7	0	0	0	4	2	0
L231455	0	0	0	0	2	0	0
L231474	4	0	0	0	0	0	0
L231623	11	2	9	0	11	2	1
L231708	0	0	0	0	0	1	0
L231747	0	0	0	0	0	0	1
L23198	0	0	0	0	0	0	1
L232125	16	11	6	0	7	1	13
L232588	0	0	0	0	0	0	3
L232590	0	2	0	0	0	0	0
L232639	1	1	0	0	0	0	0
L232813	2	0	1	0	0	0	0
L232959	1	1	0	0	0	2	0
L233118	0	0	0	0	0	1	0
L233157	1	0	0	0	0	0	0
L233176	6	3	0	0	12	1	0
L233461	3	0	0	1	1	42	2
L233584	0	0	0	0	0	0	2
L233996	0	7	0	0	0	0	0
L234026	1	0	20	0	0	0	0
L234188	0	0	0	0	1	0	0
L234209	1	0	0	0	0	0	0
L234444	10	0	0	0	1	1	3
L234750	0	3	0	0	0	0	0
L234931	0	0	0	0	0	1	0
L235372	2	0	0	0	0	0	0
L235421	2	0	0	0	0	0	0
L23580	1	0	0	0	0	0	0
L235869	0	0	0	0	1	0	1
L235874	1	0	0	0	0	0	0
L236753	0	0	0	0	0	0	1
L236809	4	0	0	0	0	0	0
L236978	1	0	0	0	0	0	1
L237062	1	0	0	0	1	0	0
L237082	0	0	0	0	0	0	1
L237258	0	1	1	1	0	0	0
L237845	8	0	0	0	3	0	0
L237907	0	0	0	0	0	0	2
L238041	1	0	0	0	0	0	0
L238414	1	0	0	0	0	0	0
L23858	19	30	28	1	56	0	4
L238644	2	0	0	0	0	0	0
L239119	8	0	0	1	3	0	0
L239190	2	0	0	0	0	0	0
L239194	1	0	0	0	2	0	1
L239228	60	476	464	24	162	0	0
L239393	1	0	0	0	0	0	0
L239858	2	0	0	1	2	1	0
L239907	1	0	0	0	0	0	0
L240104	5	0	0	2	7	0	1
L240177	3	0	0	2	2	0	0
L240450	14	0	0	0	1	2	3
L240627	1	0	0	0	0	0	0
L240628	2	1	0	0	0	1	0
L240738	1	0	0	0	0	0	0
L240741	1	0	0	0	0	0	0
L240953	1	1	0	0	2	0	0
L241037	0	0	0	0	0	0	1
L241202	0	0	0	1	0	0	1
L241262	3	0	0	0	0	1	0
L241317	0	0	0	0	3	0	0
L241540	19	0	0	3	2	0	1
L241549	8	0	0	4	20	0	2
L241637	0	0	1	0	0	0	0
L24170	0	0	0	0	0	0	1
L242008	0	0	0	0	0	1	0
L242090	2	0	0	0	2	0	0
L242170	0	1	0	0	0	0	0
L242237	8	1	0	3	23	0	11
L242413	6	0	0	0	6	0	0
L242834	6	0	0	3	1	0	0
L242935	1	0	0	0	0	0	2
L242990	1	4	2	0	1	0	2
L243479	0	0	0	1	0	0	0
L243634	0	0	0	0	2	0	0
L244174	2	1	1	0	0	0	1
L24429	5	1	44	0	0	2	0
L244352	1	0	0	0	0	0	0
L244486	1	0	0	0	2	0	0
L244685	1	0	0	1	0	0	0
L244706	14	2	1	7	23	1	2
L244840	0	0	0	0	0	0	1
L244852	0	0	0	0	0	1	0
L244886	31	0	0	0	9	3	4
L244940	2	1	1	0	9	0	0
L245078	5	0	0	0	3	0	0
L245095	0	0	0	0	1	0	0
L245271	0	0	1	0	0	0	0
L245391	0	0	0	0	1	0	0
L245624	1	0	0	0	0	0	0
L245947	0	0	0	0	0	0	1
L246037	10	1	0	5	2	0	1
L246186	0	0	0	0	0	1	0
L246311	1	460	237	4	8	2	2
L246615	3	9	7	0	0	0	0
L246665	2	1	2	0	0	0	0
L246708	1	0	0	0	0	0	0
L246720	0	0	0	0	0	1	3
L246991	0	0	0	0	2	0	0
L247066	7	1	0	0	7	0	4
L24713	1	0	0	0	0	0	0
L247317	2	0	0	0	0	0	1
L247405	5	0	0	0	4	0	0
L247487	0	0	0	0	1	0	0
L247781	2	0	0	0	0	0	0
L247792	0	0	0	0	0	0	1
L247859	1	0	0	0	1	0	1
L247904	1	0	0	0	0	0	0
L247990	8	0	0	1	7	1	0
L248375	4	1	0	0	1	0	1
L248468	1	0	0	0	0	0	0
L248720	1	1	0	0	1	0	0
L248824	0	2	0	1	0	0	0
L248858	0	0	0	0	0	0	1
L24904	1	0	0	0	2	0	0
L249269	0	0	0	2	0	0	0
L249292	6	2	0	0	4	0	5
L249301	1	0	0	0	1	0	0
L249378	6	0	0	0	0	0	0
L249482	0	0	0	0	0	0	2
L249747	0	0	0	0	1	0	0
L249824	0	0	0	0	0	1	0
L249999	18	1	0	8	10	0	1
L250048	3	0	0	0	1	0	0
L250176	0	0	0	0	0	0	1
L250301	0	2	7	0	0	0	0
L25042	6	0	0	1	0	0	0
L25059	0	0	0	0	1	0	0
L250608	1	0	0	0	0	0	0
L250926	0	0	0	0	0	1	0
L25093	2	0	0	0	0	0	0
L25102	0	1	0	0	0	0	0
L251095	0	0	0	0	1	0	0
L251298	1	0	0	0	0	0	0
L251300	1	0	0	0	0	0	1
L251385	0	0	1	0	0	0	0
L251584	0	1	0	0	0	0	0
L25167	3	1	0	0	0	0	0
L251680	6	1	0	2	9	0	1
L251719	23	2	0	1	40	0	8
L251849	0	10	14	0	0	0	0
L251893	4	0	0	0	0	1	2
L252159	0	1	0	0	0	0	0
L252240	0	0	0	0	2	0	0
L252275	9	0	0	0	5	0	2
L252321	16	3	0	0	7	2	0
L252338	0	0	0	0	1	0	0
L252770	1	1	0	1	0	0	0
L252786	0	1	0	0	0	0	0
L253054	0	1	0	0	0	0	0
L253198	5	1	0	0	0	1	1
L253300	4	0	0	1	0	0	1
L253323	0	0	0	0	0	0	2
L25334	2	0	0	0	0	0	0
L253564	0	0	2	2	0	0	1
L253692	0	1	0	0	0	0	0
L253916	1	0	0	0	0	0	0
L254234	3	0	0	0	8	0	2
L254373	5	0	0	0	0	0	0
L254701	1	0	0	0	0	0	0
L254769	0	0	0	0	0	1	0
L254794	1	0	0	0	0	0	0
L254958	2	0	0	0	0	1	0
L255104	2	0	0	0	1	0	0
L25515	4	7	24	0	0	0	0
L255305	2	0	0	0	1	0	0
L255407	1	0	0	0	1	0	0
L255411	1	0	0	0	0	0	0
L255751	2	0	0	0	0	1	1
L255925	0	0	0	1	0	0	0
L25606	0	0	1	0	1	0	0
L256086	0	0	1	0	0	0	0
L256320	1	0	0	0	0	1	0
L256449	1	0	0	0	0	0	0
L256516	0	0	0	0	0	1	0
L256770	0	0	0	0	1	0	0
L257082	12	1	0	2	2	2	4
L257154	32	6	1	3	26	4	5
L257749	1	0	0	0	0	0	0
L258403	0	0	0	0	1	0	0
L258435	1	0	0	0	0	0	1
L258506	1	0	1	0	0	0	0
L258517	0	0	0	0	0	0	1
L258524	3	3	6	0	0	1	0
L258768	0	0	1	0	0	0	0
L258800	1	0	0	0	0	0	0
L258933	0	4	2	1	2	0	1
L258946	0	0	0	0	0	0	1
L259056	2	0	0	0	0	0	0
L259385	1	0	0	0	0	0	0
L259644	3	0	0	1	0	0	0
L260012	0	0	1	0	0	0	0
L260364	5	0	0	0	0	0	0
L260458	10	0	1	1	0	0	1
L260543	0	0	0	0	0	0	1
L260546	2	0	0	0	1	0	0
L260648	1	0	0	0	0	0	0
L260766	0	0	0	1	0	0	0
L26082	0	0	0	0	0	0	1
L261019	0	0	0	0	0	0	1
L261039	0	0	0	0	2	0	0
L261513	0	0	0	0	1	0	0
L261529	1	0	0	0	0	0	0
L261680	0	0	0	0	1	0	0
L261918	2	0	0	0	5	0	2
L261955	1	0	0	0	0	0	0
L262018	1	0	0	0	0	0	0
L262260	2	2	1	0	0	0	3
L262482	1	0	1	0	1	0	0
L262667	0	2	1	0	0	0	0
L263	0	0	0	0	0	1	0
L263044	1	0	0	0	0	0	0
L263321	1	0	0	0	1	0	0
L263433	1	0	0	0	0	0	2
L263517	8	0	0	0	3	0	0
L263527	0	1	0	0	0	0	0
L263548	2	0	0	0	0	1	0
L263554	3	0	5	0	0	0	0
L263788	4	0	0	0	0	0	4
L263872	2	0	0	0	0	0	0
L263990	5	0	0	1	3	0	0
L264326	2	0	0	0	0	0	0
L264353	0	0	0	0	0	0	1
L264563	0	1	0	0	0	0	0
L264836	2	0	0	1	2	0	0
L264933	2	0	0	0	1	1	0
L264962	14	0	0	2	5	0	3
L265362	0	0	0	0	0	0	1
L265375	1	0	0	0	0	0	0
L265608	0	0	0	0	0	0	1
L265836	6	0	0	0	0	0	0
L265837	2	0	0	0	0	0	0
L265944	2	0	0	0	0	0	0
L2660	1	0	0	0	0	0	0
L266119	0	1	0	0	1	0	1
L266331	3	283	119	3290	0	0	0
L266479	0	0	0	0	1	0	0
L26658	1	0	0	0	0	0	0
L266803	0	0	0	0	0	3	0
L266811	0	0	0	0	1	0	0
L266998	11	46	23	4	113	5	3
L267	0	10	3	0	1	0	6
L267278	1	2	1	0	2	0	0
L267482	0	0	0	0	0	0	1
L267504	1	0	0	0	1	0	0
L267510	3	1	0	0	0	0	0
L267658	15	6	10	1	3	3	12
L267678	1	0	0	0	0	0	0
L267695	4	0	1	3	9	0	0
L267807	4	0	1	2	0	0	0
L268052	1	1	0	0	2	0	0
L268355	2	0	0	0	0	0	0
L268453	3	2	0	0	0	0	0
L268488	0	0	0	0	0	0	1
L268666	2	0	0	0	0	0	0
L268930	1	1	0	0	0	0	0
L268931	0	0	0	0	1	0	0
L269067	1	3	12	0	0	0	0
L269103	1	0	0	0	1	0	0
L269538	0	0	0	1	0	0	0
L269725	0	0	0	0	0	1	0
L269905	0	0	0	0	0	1	0
L269961	21	1	0	2	4	0	3
L270034	0	1	0	0	0	0	0
L270293	3	5	2	2	13	0	0
L27072	1	0	0	0	0	0	1
L270871	1	0	0	0	0	0	0
L270914	2	1	4	0	3	1	0
L271069	8	0	0	0	4	2	1
L271165	1	0	0	0	0	0	0
L271185	0	0	0	0	1	0	0
L271196	0	0	0	0	1	0	0
L271255	0	0	2	0	0	0	0
L271521	7	0	2	5	14	1	2
L271524	1	0	0	0	0	1	0
L271709	2	0	0	0	0	0	2
L27195	1	0	0	0	0	0	0
L271986	0	0	0	0	3	0	0
L272008	0	0	0	4	0	0	0
L272037	0	0	0	0	0	0	1
L272178	1	0	0	0	0	0	4
L272183	3	0	0	0	0	0	0
L272210	0	0	0	0	5	0	0
L27225	0	0	0	0	1	0	0
L272263	3	0	0	0	2	0	0
L272361	0	0	0	0	0	1	0
L272506	0	0	0	1	0	0	0
L272642	0	0	0	1	0	0	0
L272915	3	0	0	0	2	0	0
L273363	1	0	0	0	0	0	0
L273392	2	0	1	0	0	0	0
L273651	0	0	0	0	3	0	0
L273673	13	0	0	0	1	3	1
L274269	3	0	0	0	0	0	0
L274645	2	0	0	1	0	1	1
L274730	1	0	0	1	0	0	1
L2749	5	0	0	0	1	0	0
L274951	28	2	0	2	68	0	3
L275000	1	0	0	0	0	0	1
L275170	2	0	0	1	2	0	0
L275216	0	0	0	0	1	0	0
L275355	9	0	0	4	6	1	5
L275594	1	0	0	0	0	0	0
L275800	0	0	0	0	1	0	1
L275878	7	0	0	0	10	19	0
L276094	0	0	0	1	0	0	0
L276150	0	0	0	0	1	0	0
L276268	1	0	0	0	0	0	0
L276549	1	0	0	1	0	0	0
L276586	2	0	0	0	0	0	0
L27694	1	0	0	0	0	0	1
L277050	1	0	0	0	0	0	0
L277066	0	0	0	0	0	0	1
L277200	6	0	0	0	0	0	0
L277215	0	9	9	0	0	0	1
L277388	0	1	0	1	2	0	0
L277509	0	0	0	0	1	0	0
L277550	0	0	0	1	0	0	0
L277580	1	0	0	0	1	1	0
L277732	0	0	0	0	1	0	0
L277777	0	1	1	0	0	0	0
L2779	35	0	0	0	55	3	8
L277904	0	0	0	0	0	0	1
L27797	0	0	0	0	0	0	1
L278071	0	0	1	0	0	0	0
L278282	1	1	0	1	0	0	0
L278384	0	4	0	0	0	0	0
L27849	1	0	0	0	0	1	0
L278604	33	0	0	26	11	4	3
L278649	0	6	1	0	1	0	0
L278664	0	1	1	0	0	0	0
L279030	4	0	0	4	6	0	1
L279184	1	0	0	0	12	0	0
L279307	0	1	0	0	0	0	0
L279318	0	0	0	1	0	0	0
L279502	0	0	0	0	0	0	1
L279568	4	0	0	2	0	0	2
L279632	0	55	0	0	0	0	2
L27978	2	0	0	0	0	0	0
L280012	0	0	0	0	0	1	1
L280400	0	0	0	0	1	0	0
L280483	2	0	0	0	0	0	0
L280557	0	0	0	2	0	0	0
L280576	0	1	0	0	0	0	0
L280587	3	0	0	0	0	0	2
L280910	1	0	0	0	0	0	0
L280986	0	0	0	0	3	0	0
L281284	0	0	1	0	0	0	0
L281324	0	0	0	0	0	1	1
L28146	0	0	0	0	0	2	0
L281650	0	0	1	0	0	0	0
L281658	0	0	1	1	2	1	0
L281862	3	0	0	0	1	0	1
L281881	13	0	0	0	13	0	0
L282391	7	2	0	0	4	0	0
L282419	11	0	0	3	2	1	1
L282449	0	0	0	0	0	0	1
L282791	1	0	0	0	0	0	0
L282800	1	0	0	0	0	0	0
L282816	0	2	0	0	0	0	0
L282823	0	0	1	0	0	0	0
L282838	0	0	0	0	0	0	1
L282874	0	0	0	0	1	0	0
L282925	1	0	0	2	0	1	0
L28294	0	0	0	0	1	0	1
L283814	0	0	0	0	1	0	1
L283864	2	0	0	0	3	0	0
L284007	2	0	0	0	0	0	0
L284015	1	0	0	0	0	0	0
L28407	1	0	0	0	0	0	0
L2843	3	0	0	2	0	0	0
L284309	3	0	0	0	3	0	1
L28431	1	0	0	0	0	0	0
L284487	0	0	0	0	0	0	4
L284521	1	0	0	0	0	0	0
L284687	1	0	0	0	3	0	0
L285082	7	0	0	0	11	0	0
L285161	1	0	0	0	0	0	1
L285215	0	0	0	0	0	1	1
L285237	15	0	0	1	1	0	0
L28531	1	0	0	0	0	0	0
L285545	0	59	62	0	0	0	0
L285715	0	0	0	1	0	0	0
L285816	0	4	4	0	1	0	0
L286442	1	0	0	0	0	0	0
L286512	2	0	0	0	0	0	0
L286626	0	0	0	1	0	0	0
L286689	1	0	0	0	1	0	0
L287148	1	118	88	1	14	4	0
L287190	0	0	0	0	0	0	1
L287467	1	0	0	0	0	0	0
L287522	1	0	1	0	0	0	0
L287919	1	1	1	1	1	0	0
L288057	0	6	2	2	1	0	0
L288209	0	0	1	0	0	0	0
L288391	2	0	1	0	0	0	0
L288417	0	0	0	0	0	0	1
L288445	1	2	0	0	0	0	0
L288451	1	0	0	0	0	1	0
L288834	0	3	5	2	0	0	0
L289179	0	0	0	0	0	0	1
L289287	1	0	0	0	0	0	0
L289375	0	0	0	1	0	0	0
L289410	36	0	0	2	11	0	2
L289459	1	0	0	0	0	0	0
L289493	1	0	0	0	0	0	0
L28959	0	6	2	1	0	0	0
L28984	0	0	0	0	1	0	0
L289938	12	1	1	0	2	1	0
L289974	1	0	0	0	1	1	0
L29023	1	0	0	0	2	0	0
L290279	5	0	0	2	4	1	9
L290343	1	0	0	0	0	0	0
L290559	1	0	0	0	2	0	0
L290603	4	1	0	1	3	1	0
L290642	2	0	0	0	0	0	0
L290690	0	1	0	0	0	0	0
L290808	1	0	0	0	0	0	0
L291821	0	0	0	0	1	0	0
L291848	1	0	0	0	0	0	0
L291864	1	0	0	0	0	0	0
L292026	3	0	0	1	1	2	0
L292133	2	0	0	0	0	0	0
L292268	6	24	0	24	1	0	0
L292296	2	0	0	0	0	1	0
L292380	1	0	0	0	0	0	0
L292653	2	0	0	0	1	1	0
L292880	1	0	0	0	0	0	0
L293016	4	43	10	16	14	1	7
L293490	0	0	0	0	1	0	0
L293527	27	0	0	2	40	0	0
L2936	0	0	0	0	1	0	0
L293773	3	0	0	0	2	0	1
L293983	1	0	0	0	0	0	0
L293998	2	0	0	0	2	0	0
L294380	4	2	1	0	7	0	1
L294504	0	1	0	0	2	0	0
L294541	1	198	261	0	3	2	2
L294564	1	0	0	0	0	0	0
L294576	1	0	0	0	0	0	0
L295100	0	0	0	0	1	0	0
L295193	6	1	0	3	4	1	1
L295301	0	0	0	0	0	0	2
L295492	8	0	0	0	2	0	0
L29553	1	0	0	0	0	0	0
L295561	4	20	14	2	7	0	5
L295735	2	0	0	0	0	0	0
L296089	1	0	0	0	0	0	0
L296189	12	0	0	0	1	0	25
L296253	0	0	0	0	0	0	1
L296278	2	0	0	0	0	0	0
L296352	1	0	0	0	0	0	0
L296371	6	5	10	0	5	0	0
L296406	2	0	0	0	0	1	0
L296612	0	1	1	0	13	0	0
L297256	5	0	1	0	16	0	0
L297967	1	0	1	0	0	0	1
L298261	2	0	0	0	0	0	0
L298485	2	0	0	0	5	0	0
L298770	0	0	0	0	1	0	0
L298850	0	0	0	0	1	0	0
L29891	0	1	0	0	0	0	0
L299027	1	0	3	0	0	0	0
L299032	0	0	0	0	0	0	1
L29912	1	1	1	0	4	0	0
L299141	0	1	7	1	1	0	0
L299297	1	0	0	0	0	0	0
L299327	1	0	0	0	0	0	0
L299436	2	0	0	0	0	0	0
L299501	1	0	0	0	0	0	0
L29951	2	0	0	0	0	0	0
L299606	0	0	0	0	0	1	0
L299804	0	1	0	1	0	0	0
L300022	1	0	0	0	0	0	0
L300077	1	1	0	0	0	0	0
L300084	2	0	1	0	1	0	0
L300208	0	0	0	0	0	0	1
L300217	1	0	0	0	0	0	0
L300344	1	0	0	0	0	0	0
L300377	2	0	0	0	0	0	0
L300513	1	0	0	0	0	0	0
L300590	0	2	0	0	0	0	0
L300595	0	0	0	0	2	0	0
L300600	1	0	0	0	0	0	0
L300623	0	0	1	0	0	0	0
L301024	0	0	0	0	0	0	1
L301048	0	0	0	2	0	0	0
L301517	0	0	1	0	3	0	0
L301536	3	0	0	0	0	0	0
L301796	1	0	0	0	0	0	0
L302148	1	14	20	0	1	0	0
L302222	0	0	0	0	0	0	1
L302652	5	0	0	0	1	0	0
L302757	1	0	0	0	1	0	0
L302910	0	0	0	0	1	0	0
L302938	1	0	0	0	1	0	0
L303207	1	0	0	0	2	0	0
L30334	3	0	1	0	14	0	1
L303711	11	0	0	6	2	1545	7
L303910	6	0	1	0	3	1	1
L303918	33	0	1	16	33	11	449
L304124	0	0	0	0	0	0	1
L304229	2	0	0	0	0	0	2
L304233	0	0	0	0	1	0	0
L304282	0	0	0	0	0	0	1
L304427	12	38	2	7	3	0	1
L304696	14	0	0	2	7	3	0
L304702	1	0	0	0	0	0	0
L305245	0	0	0	0	0	0	1
L305296	0	0	0	0	1	0	0
L305324	1	0	0	0	0	0	2
L305377	0	0	0	0	2	0	0
L305611	0	0	0	0	1	0	0
L305673	5	0	0	0	0	0	0
L305688	13	1	0	4	12	1	0
L305830	19	15	25	1	19	2	3
L306060	0	0	0	0	0	0	1
L306172	0	0	0	0	1	0	0
L306189	0	0	0	0	1	0	0
L306326	1	0	0	0	1	0	2
L306327	1	0	0	1	7	0	0
L306369	2	0	2	0	0	0	0
L306454	1	0	1	0	0	0	0
L306495	9	3	3	1	1	0	3
L306860	0	0	5	0	0	0	0
L306932	0	0	0	0	1	0	0
L30697	4	0	0	0	0	1	1
L307185	1	0	0	0	0	0	0
L30726	9	0	0	0	4	0	1
L307329	13	0	0	0	13	0	1
L307441	0	0	0	0	2	0	0
L307518	0	0	0	0	0	1	0
L307590	0	0	0	0	1	0	0
L307963	7	0	2	0	5	0	0
L308068	2	0	0	0	0	0	0
L308181	0	0	0	0	0	0	1
L30819	1	0	0	0	0	0	0
L308205	1	0	0	0	0	0	0
L30836	1	0	0	0	0	0	0
L308624	0	0	0	0	1	0	0
L308730	6	0	0	0	2	1	0
L309032	1	21	7	0	0	0	0
L309045	0	0	0	0	0	0	1
L309231	0	11	11	0	0	0	0
L309498	0	0	0	0	1	0	0
L309787	1	0	0	0	1	0	0
L309797	4	0	0	0	0	0	0
L309836	0	0	0	0	0	0	1
L310044	2	0	0	0	2	0	0
L310160	0	0	0	0	0	0	1
L3102	3	0	0	0	0	0	1
L310346	0	0	0	0	0	0	1
L310359	2	0	0	0	2	0	0
L310529	0	0	0	0	1	0	0
L310641	2	0	0	0	0	0	0
L310647	2	0	0	0	1	0	0
L310648	0	0	0	0	2	0	0
L310812	0	0	0	0	0	0	3
L310896	1	0	0	0	0	0	0
L310983	1	0	0	0	0	0	1
L31111	15	9	4	0	52	1	0
L311233	1	1	1	0	0	0	0
L311340	0	0	0	0	0	1	0
L311343	0	0	1	0	0	0	0
L311602	0	4	16	0	0	1	0
L311631	0	1	0	0	0	0	0
L311770	0	0	0	0	0	0	1
L311799	0	0	2	0	0	0	0
L312082	6	0	0	0	4	0	3
L312101	0	0	0	0	1	0	0
L312238	3	1	3	0	0	0	0
L312270	2	0	0	0	0	0	0
L312449	1	0	0	0	0	0	0
L312519	2	0	1	0	0	0	0
L312755	0	1	0	0	0	0	0
L312802	0	0	0	0	1	0	0
L312831	1	0	0	0	0	0	0
L312932	2	0	0	0	1	0	1
L313443	2	0	0	0	0	0	0
L313532	0	0	0	0	1	0	0
L313750	0	0	0	0	1	0	0
L313805	0	0	0	0	0	0	1
L31386	2	1	2	0	1	0	0
L314019	0	0	0	1	0	0	0
L314379	0	0	0	0	0	0	1
L314428	2	0	0	0	0	0	0
L314496	2	0	0	0	0	0	0
L314514	16	2	0	5	6	0	1
L314569	1	0	0	0	0	0	0
L314603	4	0	0	1	2	0	0
L314700	3	0	0	0	0	0	0
L314853	0	0	0	1	0	0	2
L314894	30	2	1	43	31	8	15
L31510	1	1	2	1	0	0	0
L31550	1	0	0	0	0	0	0
L315594	4	0	0	0	1	0	1
L3157	1	0	0	0	3	0	1
L31572	5	0	0	0	0	0	0
L315758	1	0	0	0	0	0	0
L315950	2	0	0	0	0	0	0
L315953	4	0	0	0	0	0	18
L316034	1	0	2	0	0	0	0
L316041	1	0	0	0	0	0	0
L316097	0	0	0	0	3	0	0
L3161	2	0	1	0	0	0	0
L316244	3	0	0	0	0	0	0
L316325	0	0	0	0	0	0	1
L31633	0	0	0	1	0	0	0
L316359	1	0	0	0	0	0	0
L316393	5	0	0	0	0	0	2
L316412	0	0	0	1	0	0	0
L316533	14	0	0	0	22	1	4
L3167	3	0	0	3	0	0	2
L316748	1	0	0	0	0	0	1
L31679	0	98	639	0	0	0	0
L316821	1	0	0	2	1	0	0
L316921	0	0	1	0	0	0	0
L317026	1	0	0	0	0	0	0
L317130	0	0	0	0	0	0	1
L317214	0	7	7	0	0	0	0
L317590	1	0	0	0	0	0	0
L317681	0	0	0	0	0	0	1
L318033	11	0	0	1	15	0	1
L318190	1	0	0	0	0	0	0
L318458	2	0	0	0	0	0	0
L318500	0	1	0	0	0	0	0
L31852	57	0	0	7	47	8	16
L31855	0	0	0	0	0	0	2
L31856	14	3	2	5	4	2	0
L318614	0	0	0	0	0	0	1
L318659	0	1	0	0	1	0	0
L318699	0	0	0	0	0	0	1
L31872	2	0	0	0	1	0	0
L319115	1	16	17	2	0	0	0
L319318	1	0	0	0	0	0	1
L319342	0	0	0	0	1	0	0
L319523	1	0	0	0	1	0	0
L319635	6	1	0	0	2	0	1
L319686	0	0	0	0	1	0	0
L319892	4	0	0	0	0	0	0
L319932	0	0	0	0	0	0	1
L320039	0	0	0	0	0	0	1
L32013	1	0	0	0	0	0	0
L320365	0	0	0	0	1	0	0
L320444	3	7	3	0	1	1	3
L320454	1	0	0	0	1	0	0
L320548	4	0	0	0	0	0	0
L320705	1	0	0	0	0	0	0
L320820	35	2	1	11	47	3	8
L321035	0	0	0	0	0	0	1
L321085	0	0	0	0	1	0	0
L321183	2	0	0	0	2	1	0
L32120	0	0	0	2	0	1	0
L321201	1	0	1	1	2	1	0
L321400	0	0	0	0	1	0	0
L321617	3	0	1	8	0	0	1
L321690	1	0	0	0	0	0	0
L321791	1	0	0	0	0	0	0
L322064	1	0	0	0	1	0	0
L322091	3	0	0	0	0	0	0
L322102	1	0	0	0	0	0	0
L322120	5	0	0	0	0	0	0
L322139	0	0	0	0	0	0	1
L322183	1	0	0	0	0	0	0
L322447	4	0	0	0	0	0	0
L322670	0	0	0	0	0	1	0
L322777	19	0	0	0	32	0	1
L322989	0	0	0	0	0	0	1
L32307	1	1	0	0	2	1	0
L323125	0	1	0	1	0	0	0
L323156	0	1	0	0	0	0	0
L323345	3	2	3	0	7	2	1
L323748	2	0	0	0	0	0	0
L323754	0	0	0	0	0	0	2
L323769	3	0	0	0	1	0	0
L323778	1	1	0	0	1	0	0
L323960	3	0	0	0	0	0	0
L324249	0	28	11	0	0	0	0
L324255	0	0	0	0	0	1	0
L324293	1	0	0	0	0	0	8
L3243	2	0	0	0	0	0	3
L324331	1	0	0	0	0	0	0
L32450	0	0	0	0	2	0	2
L324535	1	0	0	0	0	0	0
L32461	3	0	0	0	0	0	0
L324806	0	1	0	0	0	0	0
L325252	0	0	1	0	0	0	0
L325371	0	0	0	0	1	0	0
L325424	0	0	1	0	0	0	0
L325741	19	0	0	4	22	0	0
L325751	0	0	1	2	1	0	0
L325781	1	0	0	0	0	0	0
L325909	0	0	0	0	1	0	0
L326124	1	0	0	0	0	1	0
L326276	1	0	0	0	0	0	0
L326420	1	0	0	0	4	0	0
L3265	10	5	1	4	10	0	4
L326690	0	0	0	0	1	0	0
L326812	3	1	0	0	0	0	0
L327389	4	1	1	1	3	0	0
L32761	0	0	0	0	2	0	0
L327712	1	1	0	0	0	0	0
L328059	0	0	1	0	0	0	0
L328087	3	0	1	0	3	0	1
L328091	0	0	2	0	0	0	0
L328262	2	0	0	0	0	0	0
L328308	0	0	0	0	1	0	0
L328314	4	0	0	0	0	0	0
L328615	0	0	0	1	0	0	0
L328955	21	0	0	1	20	1	29
L328984	0	1	0	0	0	0	0
L329078	1	0	0	0	0	0	0
L329127	1	0	0	0	0	0	0
L329364	3	9	3	0	3	1	1
L329437	1	0	0	0	0	0	0
L329452	6	0	0	0	3	0	0
L329553	17	4	10	15	2	2	4
L329587	4	0	0	0	4	0	2
L329798	3	0	0	0	1	1	0
L33007	1	0	0	0	0	0	0
L33021	3	0	0	0	0	1	0
L330256	1	0	0	0	0	0	0
L330523	1	0	0	0	0	0	0
L330794	0	0	0	0	0	0	2
L330822	0	3	0	0	1	1	0
L331028	0	0	1	0	0	0	0
L331210	9	0	0	2	1	1	0
L331535	4	0	0	1	1	0	0
L331640	1	0	0	0	0	0	0
L33167	1	1	0	0	0	0	2
L33191	0	2	0	0	0	0	0
L331971	4	0	0	0	0	0	0
L33284	0	2	0	0	0	0	0
L33378	0	3	1	0	0	0	0
L33622	0	0	0	0	1	0	0
L33657	0	3	0	0	0	0	0
L33701	31	2	4	2	40	4	8
L34148	2	2	2	2	6	0	0
L34649	1	0	0	0	0	0	1
L34984	2	0	0	0	3	0	0
L35089	1	0	0	0	2	0	1
L35389	48	0	0	4	52	1	2
L35441	4	0	0	0	3	0	0
L35478	4	0	0	0	1	0	0
L3550	3	1	1	0	15	0	4
L35582	0	0	0	0	0	0	1
L3568	0	0	0	0	0	1	0
L35814	0	0	0	0	1	0	0
L35821	0	0	0	0	0	0	1
L35837	1	0	0	0	7	0	0
L36018	0	1	1	1	0	0	1
L36038	1	1	0	0	0	0	0
L36415	6	0	0	0	8	0	0
L36448	2	0	0	0	0	0	0
L36461	1	0	0	0	0	0	0
L36541	4	7	1	1	1	0	1
L36590	0	0	0	0	1	0	0
L36694	1	0	0	0	0	0	0
L36901	0	0	1	0	0	0	0
L3698	4	0	0	0	0	0	0
L36981	1	1	0	0	0	0	0
L37950	4	0	0	0	3	0	0
L37960	0	1	0	0	0	0	0
L37973	17	5	0	6	26	0	3
L386	0	0	0	0	0	0	1
L38608	1	0	0	0	0	0	0
L38872	1	0	0	0	0	1	0
L39024	2	1	0	7	4	1	1
L39097	0	1	1	0	0	0	0
L39199	1	0	0	0	0	0	0
L40084	0	0	0	0	0	1	1
L40253	2	0	0	0	0	0	0
L40275	0	0	0	0	0	0	1
L40282	2	0	0	0	0	0	0
L40330	0	0	0	0	0	0	1
L40593	2	0	1	0	2	0	0
L40629	47	44	27	2	40	3	5
L40787	1	1	0	0	0	0	0
L40894	1	0	0	0	1	0	0
L40917	1	2	0	0	1	0	0
L41113	7	0	0	0	2	0	3
L4121	1	0	0	0	0	0	0
L41388	1	0	0	0	0	0	0
L41699	1	0	0	0	1	0	0
L41780	11	1	0	0	8	0	4
L41799	1	1	0	0	0	0	0
L4181	1	0	0	0	1	0	0
L42126	0	0	0	1	0	0	0
L42246	0	0	0	0	1	0	0
L42496	2	4	3	0	8	1	0
L42533	2	0	0	0	8	1	2
L42561	1	0	1	0	1	0	0
L42654	4	0	0	1	1	0	1
L42680	2	0	0	0	0	0	0
L43064	1	0	0	1	0	0	0
L43698	0	4	1	456	0	0	0
L43772	1	0	0	0	0	0	1
L44324	2	0	0	0	0	0	0
L44347	0	0	2	0	0	0	0
L44356	1	0	0	0	1	0	1
L44509	5	0	0	1	5	0	0
L44532	1	0	0	0	1	0	1
L44586	7	0	0	0	7	0	0
L44902	0	0	0	0	1	0	0
L45022	15	134	35	0	38	1715	2
L45222	0	0	0	0	1	0	4
L45474	2	0	0	0	0	0	0
L45974	0	1	0	0	0	0	0
L46013	1	0	0	0	0	0	0
L46096	5	1	16	0	3	0	1
L46431	2	1	0	0	14	0	1
L46685	0	0	0	0	1	0	0
L46767	1	0	0	0	0	0	1
L46940	2	0	0	0	0	0	0
L47103	15	1	0	2	9	0	0
L47158	1	0	0	0	0	0	4
L47219	0	0	0	0	0	0	2
L47481	0	3	0	0	0	0	0
L47601	5	0	6	1	2	0	0
L47663	2	143	76	0	1	0	0
L47728	1	0	0	0	0	0	0
L47899	1	0	0	0	0	0	1
L47919	0	1	0	0	0	0	0
L47951	0	0	0	0	3	0	0
L47994	5	0	0	3	3	0	0
L48078	0	1	0	0	0	0	0
L48487	8	1	0	3	27	0	0
L4851	1	0	1	0	0	0	0
L48583	3	1	0	0	9	0	2
L48784	0	0	0	0	2	0	0
L48852	7	0	0	0	0	0	0
L48895	3	0	0	0	0	0	0
L48945	3	0	0	0	1	0	0
L49199	5	0	0	0	5	0	0
L49447	5	0	2	1	0	0	8
L49477	2	0	0	0	0	0	6
L49730	0	0	0	0	0	0	2
L49732	2	0	0	0	2	0	0
L49772	0	0	0	0	0	1	0
L49824	0	0	0	0	0	1	0
L49965	0	1	0	1	4	0	0
L50061	1	0	0	0	0	0	0
L50332	1	0	0	0	0	0	0
L5045	5	0	0	2	4	0	0
L50672	9	0	0	0	18	0	0
L50675	1	0	0	0	0	0	0
L50679	0	0	0	0	0	0	1
L5070	1	0	0	0	0	0	0
L50807	6	0	0	0	3	0	0
L50844	2	0	0	0	0	0	0
L51013	1	0	0	0	0	0	0
L51049	0	0	0	0	0	0	1
L51058	0	0	0	0	0	0	1
L51134	13	6	0	14	3	3	4
L51167	1	6	1	1	0	0	0
L51179	1	0	0	0	0	0	0
L51204	3	0	0	0	8	1	4
L51669	20	0	2	0	13	0	1
L5170	1	0	0	0	0	0	0
L51897	0	2	0	0	0	0	2
L52264	7	0	0	1	5	0	2
L52309	3	0	0	0	2	0	1
L52336	0	1	0	0	0	0	0
L5235	0	0	0	2	0	0	0
L52385	1	0	0	0	0	0	4
L52613	12	0	0	1	19	0	2
L52764	0	0	0	0	1	0	0
L52790	0	0	1	0	0	0	0
L52820	12	0	2	0	19	0	1
L53083	0	0	0	0	0	0	1
L53092	6	0	0	2	8	0	0
L53818	0	1	3	2	0	0	0
L5414	0	0	0	0	1	0	0
L5415	1	0	0	0	0	0	0
L54153	31	0	0	0	39	3	6
L54250	18	9	3	4	48	0	0
L54302	0	0	0	0	1	0	0
L54304	0	0	0	0	1	0	0
L54385	1	0	0	0	0	0	0
L54496	0	0	0	0	0	0	1
L54918	4	0	0	0	0	0	2
L5495	15	2	2	0	27	2	0
L55	6	0	0	1	1	0	2
L55130	0	0	0	0	0	0	1
L55260	8	11	13	2	7	1	0
L55272	1	0	3	0	0	0	1
L55531	0	1	0	1	0	0	0
L55579	4	0	0	0	0	0	0
L55883	2	0	0	0	0	0	0
L55974	13	0	0	0	37	1	4
L56142	0	0	0	0	1	0	0
L56255	0	0	0	0	1	0	0
L56263	1	1	0	1	0	0	0
L56404	0	0	0	0	2	0	1
L56535	1	0	0	0	0	0	0
L56828	0	0	0	0	1	0	0
L56841	0	0	0	0	1	0	0
L56999	33	0	1	1	83	3	7
L57101	5	0	0	0	2	0	9
L57387	0	1	0	0	0	0	0
L57672	2	0	0	0	0	0	0
L57740	1	0	0	0	1	0	1
L58090	16	2	2	1	0	0	1
L58130	0	0	0	0	0	0	1
L58393	0	0	0	0	0	0	1
L58965	0	1	1	0	0	0	0
L58986	1	0	0	0	0	0	2
L5905	2	0	0	2	0	0	0
L5936	1	0	0	0	1	0	0
L59420	28	0	3	1	34	6	0
L59774	0	1	0	0	2	0	0
L5986	2	0	0	0	1	0	0
L60003	0	0	1	0	0	0	0
L60064	1	0	0	2	2	1	1
L6043	12	0	1	2	14	0	2
L60553	2	0	0	0	0	0	0
L60620	1	3	1	0	1	1	0
L61143	0	0	0	0	0	1	0
L61163	5	0	0	19	0	1	0
L61172	4	0	0	2	14	1	0
L61259	4	0	0	0	7	1	0
L61285	1	0	0	0	0	0	0
L61442	1	0	0	0	0	0	0
L61558	0	0	0	0	0	0	1
L61693	1	0	0	0	0	0	0
L61901	1	0	0	0	0	0	0
L62285	1	0	0	0	0	0	0
L62293	0	0	0	0	1	0	0
L62684	21	0	0	1	8	4	1
L62700	12	0	1	2	15	0	0
L62936	3	0	1	0	1	0	0
L63265	1	0	0	0	5	0	0
L6369	37	3	2	10	46	1	1
L63858	0	0	0	0	1	0	0
L64121	4	0	0	4	6	1	1
L64481	1	0	0	0	0	0	0
L64673	1	0	0	0	0	0	1
L64688	0	0	0	2	1	0	0
L64718	0	0	0	0	0	0	1
L64746	1	0	0	0	0	0	1
L64783	1	0	0	0	0	0	0
L64927	0	3	0	0	0	0	0
L64990	20	0	0	1	51	0	2
L65002	3	0	0	0	0	0	0
L65036	1	0	0	0	0	0	3
L65140	0	0	0	0	1	0	0
L65794	4	2	0	0	4	2	0
L65984	1	0	0	0	0	0	0
L66014	2	0	0	0	1	0	0
L66057	1	0	0	0	0	0	0
L66204	4	0	0	0	0	0	0
L66395	0	0	2	1	0	0	0
L66476	2	1	0	0	2	0	0
L66506	2	0	0	0	0	0	0
L66564	8	0	0	8	7	0	1
L66947	1	0	0	1	0	0	0
L67135	0	0	0	0	0	0	1
L67284	7	0	0	0	1	0	0
L67792	2	0	0	0	0	0	1
L67907	3	0	0	0	0	0	0
L67920	1	0	0	0	0	0	0
L68231	10	0	0	0	3	1	2
L68277	7	1	1	1	2	2	4
L68311	14	0	0	0	3	0	1
L68438	0	0	0	0	0	0	1
L68560	0	0	0	0	0	0	1
L68677	0	1	21	1	0	0	0
L68739	1	0	0	0	0	0	0
L68749	1	1	0	0	0	0	0
L68970	1	0	0	0	1	0	0
L69200	2	0	0	0	0	0	0
L69282	1	0	0	1	4	0	0
L69904	5	0	0	0	3	2	0
L70348	2	10	1	0	8	0	0
L70542	2	1	0	0	2	0	0
L70669	88	16	10	5	229	5	21
L70717	1	0	0	0	0	1	1
L70881	0	0	2	0	0	0	0
L71065	1	0	0	0	0	0	1
L7120	6	0	0	0	1	0	0
L71355	0	0	0	0	1	0	2
L71758	2	0	0	1	0	0	0
L72049	0	0	0	2	0	0	0
L72050	6	0	0	0	12	0	1
L72128	0	0	1	0	0	0	0
L72250	1	1	0	0	0	0	0
L72287	3	0	0	0	0	0	0
L72383	1	0	0	0	0	0	0
L7242	0	0	0	0	1	0	0
L72850	0	0	0	0	0	0	1
L72864	6	27	25	0	0	0	3
L73015	0	0	1	0	0	0	0
L73196	2	0	0	0	0	0	0
L73244	2	0	0	0	6	0	0
L73528	2	0	0	2	0	0	0
L73592	5	0	0	0	1	1	0
L73599	1	315	553	0	1	0	3
L7381	0	6	25	0	0	0	0
L7386	0	1	0	0	0	0	0
L7388	0	0	0	0	0	0	1
L74009	3	0	0	1	0	0	1
L74026	1	0	0	0	1	0	0
L74036	1	2	57	0	0	0	0
L7404	0	0	0	0	1	0	0
L7412	7	0	0	1	5	0	0
L74397	0	0	0	0	0	1	0
L74665	0	0	0	0	0	0	1
L74748	2	127	3	1	4	0	2
L74841	3	1	6	0	1	0	1
L75266	0	0	1	0	0	0	0
L75392	36	4	1	6	53	1	28
L75467	1	0	0	0	0	0	0
L7559	0	0	0	0	1	0	0
L75591	3	0	0	0	0	0	0
L75819	2	1	0	2	1	0	1
L76201	5	0	0	0	5	0	0
L76358	1	0	0	0	0	0	0
L76557	1	0	0	1	0	0	0
L76568	16	0	0	2	12	0	2
L76583	0	0	0	0	0	0	1
L76646	2	0	0	0	0	0	0
L76780	0	0	0	0	0	0	1
L76856	3	0	0	0	0	0	2
L7686	0	3	0	0	0	0	0
L76866	1	0	0	0	0	0	0
L76882	0	0	0	17	0	0	0
L76975	1	0	0	0	0	0	0
L77171	1	0	0	0	1	0	0
L77190	5	2	5	0	1	0	2
L77231	0	0	0	1	1	0	0
L77253	1	0	0	0	0	0	0
L77289	1	1	0	0	0	0	0
L77443	16	0	1	0	84	0	1
L77455	0	1	0	0	0	0	0
L77600	1	0	0	0	0	0	0
L77622	4	0	1	2	2	0	2
L7778	1	0	0	0	0	0	0
L7798	1	0	0	0	0	0	0
L78432	4	0	0	0	4	0	2
L78448	0	0	0	0	0	0	1
L78498	1	0	0	0	0	0	0
L78529	0	0	0	0	1	0	0
L78561	8	9	6	2	5	0	1
L78888	1	0	0	0	5	0	0
L79015	3	0	0	0	0	0	0
L79366	1	0	0	0	0	0	0
L79584	1	0	0	0	2	0	0
L79914	3	0	0	1	3	0	0
L8006	4	0	0	8	4	0	0
L80068	1	0	0	0	15	1	0
L80086	0	0	0	0	1	0	0
L8018	0	1	0	149	0	0	0
L80184	4	4	1	0	2	0	2
L80217	2	0	0	0	0	0	0
L80268	1	0	0	0	0	0	0
L80342	22	3	3	5	18	3	6
L80554	0	342	415	0	2	0	0
L80626	1	0	0	0	0	0	0
L81048	1	0	0	0	0	0	0
L81084	1	0	1	0	0	0	0
L81421	5	0	0	0	0	0	0
L81546	0	2	0	0	0	0	0
L81563	0	0	0	0	0	0	1
L81641	1	1	0	0	2	0	0
L81738	18	1	3	1	21	1	3
L82032	13	0	0	1	4	0	0
L82077	4	1	0	0	0	0	0
L82689	1	0	0	1	1	0	0
L82788	3	4	2	0	0	0	1
L82823	10	0	1	6	4	3	7
L82908	1	0	0	0	0	0	2
L82979	45	1	5	20	257	9	22
L83206	0	0	0	0	1	0	0
L83443	0	0	0	0	1	0	0
L83489	3	10	2	6	2	0	1
L8364	0	0	2	0	0	0	0
L83701	1	0	0	0	0	0	0
L83782	0	0	1	0	2	0	0
L8380	2	0	0	0	1	0	0
L8387	27	0	0	11	19	1	0
L83873	0	0	0	0	0	1	1
L84010	23	13	11	1	9	3	5
L84024	1	0	0	0	0	0	0
L84060	4	0	0	0	0	0	0
L84197	0	0	0	0	0	2	0
L8434	20	0	0	3	93	1	3
L84351	34	1	0	0	25	1	3
L8437	1	0	0	0	0	0	0
L84404	1	0	0	1	1	0	0
L84589	0	0	0	0	0	1	1
L84720	1	0	0	0	0	0	0
L84803	1	41	4	0	0	0	0
L85031	8	1	2	2	8	1	2
L85466	0	0	0	0	0	0	3
L85508	0	0	0	0	0	0	1
L85641	0	0	0	0	1	0	0
L85759	1	36	28	1	5	0	0
L85766	2	0	0	0	0	0	2
L85770	0	0	0	0	0	0	1
L85779	0	0	0	0	1	0	0
L85780	1	0	0	0	0	0	0
L85835	0	0	0	0	0	0	1
L85922	4	0	0	0	0	0	0
L85940	4	0	1	0	2	0	1
L85994	0	0	0	0	0	0	1
L86148	0	0	0	0	1	0	0
L86391	1	0	1	0	0	0	0
L86394	28	0	0	1	15	4	9
L86624	0	0	0	0	0	0	1
L86664	0	0	0	0	1	0	0
L86980	0	0	0	0	1	0	0
L870	4	0	0	0	1	0	0
L87202	3	0	0	0	0	0	0
L87246	0	0	0	0	1	0	0
L87366	26	11	4	0	30	1	10
L8761	0	0	0	0	0	0	1
L879	7	1	0	0	4	1	0
L87964	0	0	0	0	1	0	0
L88045	0	0	0	0	0	0	1
L88206	1	1	0	0	0	0	0
L88295	1	0	0	0	0	0	0
L88421	1	0	0	0	0	0	0
L88432	0	0	0	0	0	0	1
L88461	20	22	10	0	24	0	0
L88830	2	0	0	0	0	0	0
L88932	1	1	0	0	1	0	0
L88995	0	0	0	1	0	0	0
L89007	1	0	0	0	0	0	0
L89329	0	0	0	0	1	0	0
L89382	2	0	1	0	0	0	0
L8950	2	0	0	0	1	0	0
L89642	1	0	2	0	0	0	0
L89723	1	0	0	0	0	0	0
L9039	0	0	0	0	1	0	0
L90423	2	0	0	0	1	0	1
L90447	0	0	0	0	0	0	2
L90680	2	0	1	0	2	0	5
L90699	0	2	0	0	0	0	0
L90761	0	1	0	0	1	0	0
L91035	6	1	0	0	0	0	0
L91044	0	0	0	1	0	0	1
L91046	1	0	0	0	5	1	0
L91086	0	0	0	0	0	0	1
L91099	2	0	0	0	0	0	1
L91183	1	0	0	0	0	0	7
L91208	0	0	0	0	0	0	1
L91412	1	0	0	0	0	0	0
L91773	0	1	4	0	1	0	0
L91803	4	0	0	0	9	1	2
L9220	1	0	0	0	0	0	0
L9239	1	0	0	0	0	0	1
L92515	4	0	0	0	0	0	1
L9253	1	0	0	0	0	0	0
L92536	1	0	0	0	0	0	0
L92556	2	0	0	0	4	0	0
L92587	0	2	0	0	0	0	0
L92721	0	18	7	1	1	0	0
L92779	1	0	0	0	0	0	0
L9290	0	8	91	1	0	0	0
L92926	0	0	0	0	0	0	3
L9309	0	0	0	0	0	0	1
L93306	2	0	0	0	1	0	1
L93681	7	0	0	0	28	2	13
L93902	0	0	0	0	2	0	0
L9405	1	1	0	0	1	2	1
L94096	3	0	0	2	0	0	0
L94397	1	1	1	2	0	0	0
L94470	0	0	0	0	1	0	0
L94481	0	0	0	0	1	0	0
L94656	0	0	1	1	0	0	0
L94984	0	0	0	0	0	0	1
L95076	2	0	0	0	1	0	2
L95387	1	0	0	0	0	0	0
L95404	1	0	1	0	1	0	0
L95509	0	0	0	0	1	0	0
L95736	0	0	0	0	1	0	0
L95948	0	0	0	1	0	0	0
L96449	16	1	0	3	34	2	14
L96601	13	4	12	1	6	0	1
L96686	5	0	0	2	0	0	1
L96744	1	0	0	0	1	0	0
L9682	2	0	0	0	0	0	0
L97009	0	0	0	0	0	1	0
L97020	1	0	0	0	0	0	0
L97246	2	0	0	0	0	0	0
L97495	1	0	0	0	0	0	1
L97736	0	0	0	0	1	0	3
L97812	1	0	0	0	0	1	0
L97950	0	0	3	1	0	0	3
L97975	7	1	0	0	0	0	1
L98047	0	0	0	0	0	0	1
L98246	7	0	0	0	3	3	1
L98440	2	0	0	0	0	0	0
L98471	5	0	2	0	0	0	0
L98474	0	0	2	0	0	0	0
L98475	7	0	0	16	7	1	0
L98569	0	4	3	0	0	0	0
L98634	38	2	0	3	33	0	6
L98676	1	23	3	0	0	0	0
L98757	1	0	0	0	0	0	0
L98949	3	0	0	0	2	0	1
L98994	2	1	0	0	3	0	0
L9910	0	0	0	0	0	0	1
L99144	3	0	0	0	4	0	7
L99360	3	1	2	1	5	1	7
L99684	0	0	0	0	0	1	0
L9982	0	0	0	0	0	1	0
L99829	3	0	0	0	0	0	0
L99904	1	0	0	0	1	0	0
L99912	2	6	2	2	5	0	0
